Workbook

Sheet Prices
A1: Date | B1: S&P 500 | C1: AAPL.US | D1: MSFT.US | E1: GOOGL.US | F1: NVDA.US | G1: META.US | H1: JNJ.US | I1: PFE.US | J1: UNH.US | K1: MRK.US | L1: ABBV.US | M1: XOM.US | N1: CVX.US | O1: COP.US | P1: SLB.US | Q1: OXY.US | R1: AMZN.US | S1: TSLA.US | T1: NKE.US | U1: HD.US | V1: MCD.US
A2: 11/30/2019 | B2: 3140.98 | C2: 64.7028 | D2: 144.81 | E2: 64.9689 | F2: 5.39616 | G2: 201.64 | H2: 127.221 | I2: 34.4945 | J2: 256.13 | K2: 74.2955 | L2: 76.3487 | M2: 57.1669 | N2: 101.663 | O2: 53.7057 | P2: 33.4143 | Q2: 36.247 | R2: 90.04 | S2: 21.996 | T2: 90.9452 | U2: 204.532 | V2: 181.422
A3: 12/31/2019 | B3: 3230.78 | C3: 71.0911 | D3: 150.829 | E3: 66.7276 | F3: 5.85806 | G3: 205.25 | H3: 134.967 | I3: 35.0859 | J3: 270.074 | K3: 78.0395 | L3: 77.0538 | M3: 58.5536 | N3: 104.598 | O3: 58.2669 | P3: 37.6249 | Q3: 39.5284 | R3: 92.392 | S3: 27.8887 | T3: 98.5707 | U3: 203.855 | V3: 184.364
A4: 1/31/2020 | B4: 3225.52 | C4: 74.9374 | D4: 162.823 | E4: 71.3803 | F4: 5.8861 | G4: 201.91 | H4: 137.743 | I4: 33.6894 | J4: 250.299 | K4: 73.3116 | L4: 71.4607 | M4: 52.1264 | N4: 93.003 | O4: 53.2486 | P4: 31.3623 | Q4: 38.1009 | R4: 100.436 | S4: 43.37 | T4: 93.6761 | U4: 212.922 | V4: 199.608
A5: 2/29/2020 | B5: 2954.22 | C5: 66.3379 | D5: 155.378 | E5: 66.7206 | F5: 6.72787 | G5: 192.47 | H5: 125.22 | I5: 30.2327 | J5: 234.219 | K5: 65.6928 | L5: 75.5994 | M5: 43.7842 | N5: 81.9648 | O5: 43.6911 | P5: 25.7284 | Q5: 31.4039 | R5: 94.1875 | S5: 44.5333 | T5: 87.1829 | U5: 203.355 | V5: 182.279
A6: 3/31/2020 | B6: 2584.59 | C6: 61.709 | D6: 151.258 | E6: 57.8877 | F6: 6.5664 | G6: 166.8 | H6: 122.111 | I6: 29.5261 | J6: 230.081 | K6: 66.564 | L6: 67.2022 | M6: 32.3174 | N6: 63.6289 | O6: 27.7921 | P6: 12.8127 | Q6: 11.4438 | R6: 97.486 | S6: 34.9333 | T6: 80.7057 | U6: 175.464 | V6: 155.222
A7: 4/30/2020 | B7: 2912.43 | C7: 71.299 | D7: 171.878 | E7: 67.0918 | F7: 7.28084 | G7: 204.71 | H7: 139.713 | I7: 34.7024 | J7: 269.853 | K7: 68.6399 | L7: 73.584 | M7: 39.5528 | N7: 80.7876 | O7: 37.9884 | P7: 15.9747 | Q7: 16.4043 | R7: 123.7 | S7: 52.1267 | T7: 85.0371 | U7: 206.573 | V7: 176.072
A8: 5/31/2020 | B8: 3044.31 | C8: 77.3669 | D8: 176.242 | E8: 71.4171 | F8: 8.84379 | G8: 225.09 | H8: 139.479 | I8: 34.8926 | J8: 281.248 | K8: 69.8339 | L8: 82.957 | M8: 39.4527 | N8: 81.7064 | O8: 38.4408 | P8: 17.5423 | Q8: 12.7987 | R8: 122.118 | S8: 55.6667 | T8: 96.3971 | U8: 233.501 | V8: 176.072
A9: 6/30/2020 | B9: 3100.29 | C9: 88.7671 | D9: 195.719 | E9: 70.6463 | F9: 9.46818 | G9: 227.07 | H9: 131.868 | I9: 29.8755 | J9: 273.312 | K9: 67.4338 | L9: 87.8892 | M9: 38.802 | N9: 79.5049 | O9: 38.2967 | P9: 17.5848 | Q9: 18.0961 | R9: 137.941 | S9: 71.9867 | T9: 95.8785 | U9: 236.827 | V9: 174.331
A10: 7/31/2020 | B10: 3271.12 | C10: 103.436 | D10: 197.173 | E10: 74.1287 | F10: 10.5813 | G10: 253.67 | H10: 136.674 | I10: 35.4997 | J10: 280.575 | K10: 69.9709 | L10: 85.9993 | M10: 36.5118 | N10: 74.791 | O10: 34.4234 | P10: 17.3466 | Q10: 15.5663 | R10: 158.234 | S10: 95.3833 | T10: 95.4481 | U10: 250.989 | V10: 183.606
A11: 8/31/2020 | B11: 3500.31 | C11: 125.829 | D11: 217.421 | E11: 81.1823 | F11: 13.3331 | G11: 293.2 | H11: 144.803 | I11: 34.8634 | J11: 289.608 | K11: 74.3555 | L11: 86.778 | M11: 35.337 | N11: 75.861 | O11: 34.8845 | P11: 18.1779 | Q11: 12.5988 | R11: 172.548 | S11: 166.107 | T11: 109.664 | U11: 269.448 | V11: 202.963
A12: 9/30/2020 | B12: 3363 | C12: 112.918 | D12: 202.781 | E12: 73.0153 | F12: 13.4928 | G12: 261.9 | H12: 140.528 | I12: 33.8582 | J12: 290.084 | K12: 72.8608 | L12: 79.3655 | M12: 30.3753 | N12: 65.0773 | O12: 30.2352 | P12: 14.9784 | Q12: 9.90895 | R12: 157.436 | S12: 143.003 | T12: 123.04 | U12: 263.913 | V12: 208.638
A13: 10/31/2020 | B13: 3269.96 | C13: 106.149 | D13: 195.211 | E13: 80.5136 | F13: 12.4984 | G13: 263.11 | H13: 129.417 | I13: 32.733 | J13: 283.91 | K13: 66.0623 | L13: 78.1612 | M13: 28.8621 | N13: 62.8174 | O13: 26.6731 | P13: 14.3814 | Q13: 9.03674 | R13: 151.808 | S13: 129.347 | T13: 117.687 | U13: 253.452 | V13: 202.461
... A62: 11/30/2024 | B62: 6032.38 | C62: 237.069 | D62: 423.46 | E62: 168.757 | F62: 138.24 | G62: 574.32 | H62: 155.01 | I62: 26.21 | J62: 601.016 | K62: 100.833 | L62: 182.93 | M62: 117.96 | N62: 161.93 | O62: 108.34 | P62: 43.94 | Q62: 50.58 | R62: 207.89 | S62: 345.16 | T62: 78.77 | U62: 429.13 | V62: 296.01

Sheet Returns
A1: Date | B1: S&P 500 | C1: AAPL.US | D1: MSFT.US | E1: GOOGL.US | F1: NVDA.US | G1: META.US | H1: JNJ.US | I1: PFE.US | J1: UNH.US | K1: MRK.US | L1: ABBV.US | M1: XOM.US | N1: CVX.US | O1: COP.US | P1: SLB.US | Q1: OXY.US | R1: AMZN.US | S1: TSLA.US | T1: NKE.US | U1: HD.US | V1: MCD.US
A2: 11/30/2019 | B2: N/A | C2: N/A | D2: N/A | E2: N/A | F2: N/A | G2: N/A | H2: N/A | I2: N/A | J2: N/A | K2: N/A | L2: N/A | M2: N/A | N2: N/A | O2: N/A | P2: N/A | Q2: N/A | R2: N/A | S2: N/A | T2: N/A | U2: N/A | V2: N/A
A3: 12/31/2019 | B3: =(Prices!B3 / Prices!B2) - 1 -> 0.028589803 | C3: =(Prices!C3 / Prices!C2) - 1 -> 0.098732976 | D3: =(Prices!D3 / Prices!D2) - 1 -> 0.041564809 | E3: =(Prices!E3 / Prices!E2) - 1 -> 0.027069875 | F3: =(Prices!F3 / Prices!F2) - 1 -> 0.085597907 | G3: =(Prices!G3 / Prices!G2) - 1 -> 0.017903194 | H3: =(Prices!H3 / Prices!H2) - 1 -> 0.060886174 | I3: =(Prices!I3 / Prices!I2) - 1 -> 0.017144762 | ... V3: =(Prices!V3 / Prices!V2) - 1 -> 0.016216335
A4: 1/31/2020 | B4: =(Prices!B4 / Prices!B3) - 1 -> -0.0016280898 | C4: =(Prices!C4 / Prices!C3) - 1 -> 0.054103819 | D4: =(Prices!D4 / Prices!D3) - 1 -> 0.079520517 | E4: =(Prices!E4 / Prices!E3) - 1 -> 0.06972677 | F4: =(Prices!F4 / Prices!F3) - 1 -> 0.0047865676 | G4: =(Prices!G4 / Prices!G3) - 1 -> -0.016272838 | H4: =(Prices!H4 / Prices!H3) - 1 -> 0.020567991 | I4: =(Prices!I4 / Prices!I3) - 1 -> -0.039802314 | ... V4: =(Prices!V4 / Prices!V3) - 1 -> 0.082684255
A5: 2/29/2020 | B5: =(Prices!B5 / Prices!B4) - 1 -> -0.084110469 | C5: =(Prices!C5 / Prices!C4) - 1 -> -0.11475578 | D5: =(Prices!D5 / Prices!D4) - 1 -> -0.045724498 | E5: =(Prices!E5 / Prices!E4) - 1 -> -0.065279916 | F5: =(Prices!F5 / Prices!F4) - 1 -> 0.1430098 | G5: =(Prices!G5 / Prices!G4) - 1 -> -0.046753504 | H5: =(Prices!H5 / Prices!H4) - 1 -> -0.090915691 | I5: =(Prices!I5 / Prices!I4) - 1 -> -0.10260497 | ... V5: =(Prices!V5 / Prices!V4) - 1 -> -0.086815158
A6: 3/31/2020 | B6: =(Prices!B6 / Prices!B5) - 1 -> -0.12511932 | C6: =(Prices!C6 / Prices!C5) - 1 -> -0.069777608 | D6: =(Prices!D6 / Prices!D5) - 1 -> -0.02651598 | E6: =(Prices!E6 / Prices!E5) - 1 -> -0.1323864 | F6: =(Prices!F6 / Prices!F5) - 1 -> -0.024000166 | G6: =(Prices!G6 / Prices!G5) - 1 -> -0.13337143 | H6: =(Prices!H6 / Prices!H5) - 1 -> -0.024828302 | I6: =(Prices!I6 / Prices!I5) - 1 -> -0.023372044 | ... V6: =(Prices!V6 / Prices!V5) - 1 -> -0.14843729
A7: 4/30/2020 | B7: =(Prices!B7 / Prices!B6) - 1 -> 0.1268441 | C7: =(Prices!C7 / Prices!C6) - 1 -> 0.15540683 | D7: =(Prices!D7 / Prices!D6) - 1 -> 0.13632337 | E7: =(Prices!E7 / Prices!E6) - 1 -> 0.15899923 | F7: =(Prices!F7 / Prices!F6) - 1 -> 0.10880239 | G7: =(Prices!G7 / Prices!G6) - 1 -> 0.22727818 | H7: =(Prices!H7 / Prices!H6) - 1 -> 0.14414754 | I7: =(Prices!I7 / Prices!I6) - 1 -> 0.17531269 | ... V7: =(Prices!V7 / Prices!V6) - 1 -> 0.13432374
A8: 5/31/2020 | B8: =(Prices!B8 / Prices!B7) - 1 -> 0.045281775 | C8: =(Prices!C8 / Prices!C7) - 1 -> 0.08510498 | D8: =(Prices!D8 / Prices!D7) - 1 -> 0.025390102 | E8: =(Prices!E8 / Prices!E7) - 1 -> 0.064468385 | F8: =(Prices!F8 / Prices!F7) - 1 -> 0.21466616 | G8: =(Prices!G8 / Prices!G7) - 1 -> 0.099555469 | H8: =(Prices!H8 / Prices!H7) - 1 -> -0.001674862 | I8: =(Prices!I8 / Prices!I7) - 1 -> 0.0054808889 | ... V8: =(Prices!V8 / Prices!V7) - 1 -> 0
A9: 6/30/2020 | B9: =(Prices!B9 / Prices!B8) - 1 -> 0.018388403 | C9: =(Prices!C9 / Prices!C8) - 1 -> 0.14735242 | D9: =(Prices!D9 / Prices!D8) - 1 -> 0.11051282 | E9: =(Prices!E9 / Prices!E8) - 1 -> -0.010792933 | F9: =(Prices!F9 / Prices!F8) - 1 -> 0.070602083 | G9: =(Prices!G9 / Prices!G8) - 1 -> 0.0087964814 | H9: =(Prices!H9 / Prices!H8) - 1 -> -0.054567354 | I9: =(Prices!I9 / Prices!I8) - 1 -> -0.14378693 | ... V9: =(Prices!V9 / Prices!V8) - 1 -> -0.0098880004
A10: 7/31/2020 | B10: =(Prices!B10 / Prices!B9) - 1 -> 0.055101297 | C10: =(Prices!C10 / Prices!C9) - 1 -> 0.16525154 | D10: =(Prices!D10 / Prices!D9) - 1 -> 0.0074290181 | E10: =(Prices!E10 / Prices!E9) - 1 -> 0.049293452 | F10: =(Prices!F10 / Prices!F9) - 1 -> 0.1175643 | G10: =(Prices!G10 / Prices!G9) - 1 -> 0.11714449 | H10: =(Prices!H10 / Prices!H9) - 1 -> 0.036445536 | I10: =(Prices!I10 / Prices!I9) - 1 -> 0.18825459 | ... V10: =(Prices!V10 / Prices!V9) - 1 -> 0.053203389
A11: 8/31/2020 | B11: =(Prices!B11 / Prices!B10) - 1 -> 0.070064687 | C11: =(Prices!C11 / Prices!C10) - 1 -> 0.21649136 | D11: =(Prices!D11 / Prices!D10) - 1 -> 0.10269154 | E11: =(Prices!E11 / Prices!E10) - 1 -> 0.095153429 | F11: =(Prices!F11 / Prices!F10) - 1 -> 0.26006256 | G11: =(Prices!G11 / Prices!G10) - 1 -> 0.15583238 | H11: =(Prices!H11 / Prices!H10) - 1 -> 0.059477296 | I11: =(Prices!I11 / Prices!I10) - 1 -> -0.017924095 | ... V11: =(Prices!V11 / Prices!V10) - 1 -> 0.10542684
A12: 9/30/2020 | B12: =(Prices!B12 / Prices!B11) - 1 -> -0.039227954 | C12: =(Prices!C12 / Prices!C11) - 1 -> -0.10260751 | D12: =(Prices!D12 / Prices!D11) - 1 -> -0.067334802 | E12: =(Prices!E12 / Prices!E11) - 1 -> -0.10060075 | F12: =(Prices!F12 / Prices!F11) - 1 -> 0.01197771 | G12: =(Prices!G12 / Prices!G11) - 1 -> -0.10675307 | H12: =(Prices!H12 / Prices!H11) - 1 -> -0.029522869 | I12: =(Prices!I12 / Prices!I11) - 1 -> -0.028832529 | ... V12: =(Prices!V12 / Prices!V11) - 1 -> 0.027960761
A13: 10/31/2020 | B13: =(Prices!B13 / Prices!B12) - 1 -> -0.027665775 | C13: =(Prices!C13 / Prices!C12) - 1 -> -0.059946156 | D13: =(Prices!D13 / Prices!D12) - 1 -> -0.037330914 | E13: =(Prices!E13 / Prices!E12) - 1 -> 0.10269491 | F13: =(Prices!F13 / Prices!F12) - 1 -> -0.073698565 | G13: =(Prices!G13 / Prices!G12) - 1 -> 0.004620084 | H13: =(Prices!H13 / Prices!H12) - 1 -> -0.079066094 | I13: =(Prices!I13 / Prices!I12) - 1 -> -0.033232718 | ... V13: =(Prices!V13 / Prices!V12) - 1 -> -0.029606304
A14: 11/30/2020 | B14: =(Prices!B14 / Prices!B13) - 1 -> 0.10754566 | C14: =(Prices!C14 / Prices!C13) - 1 -> 0.095535521 | D14: =(Prices!D14 / Prices!D13) - 1 -> 0.059986374 | E14: =(Prices!E14 / Prices!E13) - 1 -> 0.085569394 | F14: =(Prices!F14 / Prices!F13) - 1 -> 0.069264866 | G14: =(Prices!G14 / Prices!G13) - 1 -> 0.052677587 | H14: =(Prices!H14 / Prices!H13) - 1 -> 0.062588377 | I14: =(Prices!I14 / Prices!I13) - 1 -> 0.090874652 | ... V14: =(Prices!V14 / Prices!V13) - 1 -> 0.026913825
... A62: 11/30/2024 | B62: =(Prices!B62 / Prices!B61) - 1 -> 0.057301352 | C62: =(Prices!C62 / Prices!C61) - 1 -> 0.051704863 | D62: =(Prices!D62 / Prices!D61) - 1 -> 0.044193146 | E62: =(Prices!E62 / Prices!E61) - 1 -> -0.012620382 | F62: =(Prices!F62 / Prices!F61) - 1 -> 0.041348088 | G62: =(Prices!G62 / Prices!G61) - 1 -> 0.011874978 | H62: =(Prices!H62 / Prices!H61) - 1 -> -0.030339047 | I62: =(Prices!I62 / Prices!I61) - 1 -> -0.07385159 | ... V62: =(Prices!V62 / Prices!V61) - 1 -> 0.013351135

Sheet Excess_Returns
A1: Date | B1: S&P 500 | C1: AAPL.US | D1: MSFT.US | E1: GOOGL.US | F1: NVDA.US | G1: META.US | H1: JNJ.US | I1: PFE.US | J1: UNH.US | K1: MRK.US | L1: ABBV.US | M1: XOM.US | N1: CVX.US | O1: COP.US | P1: SLB.US | Q1: OXY.US | R1: AMZN.US | S1: TSLA.US | T1: NKE.US | U1: HD.US | V1: MCD.US
A2: 11/30/2019
A3: 12/31/2019 | B3: =Returns!B3 - RiskFree!$C3 -> 0.02730647 | C3: =Returns!C3 - RiskFree!$C3 -> 0.097449643 | D3: =Returns!D3 - RiskFree!$C3 -> 0.040281476 | E3: =Returns!E3 - RiskFree!$C3 -> 0.025786542 | F3: =Returns!F3 - RiskFree!$C3 -> 0.084314573 | G3: =Returns!G3 - RiskFree!$C3 -> 0.01661986 | H3: =Returns!H3 - RiskFree!$C3 -> 0.059602841 | I3: =Returns!I3 - RiskFree!$C3 -> 0.015861429 | ... V3: =Returns!V3 - RiskFree!$C3 -> 0.014933002
A4: 1/31/2020 | B4: =Returns!B4 - RiskFree!$C4 -> -0.0028947565 | C4: =Returns!C4 - RiskFree!$C4 -> 0.052837152 | D4: =Returns!D4 - RiskFree!$C4 -> 0.07825385 | E4: =Returns!E4 - RiskFree!$C4 -> 0.068460103 | F4: =Returns!F4 - RiskFree!$C4 -> 0.0035199009 | G4: =Returns!G4 - RiskFree!$C4 -> -0.017539505 | H4: =Returns!H4 - RiskFree!$C4 -> 0.019301324 | I4: =Returns!I4 - RiskFree!$C4 -> -0.04106898 | ... V4: =Returns!V4 - RiskFree!$C4 -> 0.081417588
A5: 2/29/2020 | B5: =Returns!B5 - RiskFree!$C5 -> -0.085377136 | C5: =Returns!C5 - RiskFree!$C5 -> -0.11602245 | D5: =Returns!D5 - RiskFree!$C5 -> -0.046991165 | E5: =Returns!E5 - RiskFree!$C5 -> -0.066546583 | F5: =Returns!F5 - RiskFree!$C5 -> 0.14174314 | G5: =Returns!G5 - RiskFree!$C5 -> -0.048020171 | H5: =Returns!H5 - RiskFree!$C5 -> -0.092182357 | I5: =Returns!I5 - RiskFree!$C5 -> -0.10387164 | ... V5: =Returns!V5 - RiskFree!$C5 -> -0.088081824
A6: 3/31/2020 | B6: =Returns!B6 - RiskFree!$C6 -> -0.12536099 | C6: =Returns!C6 - RiskFree!$C6 -> -0.070019275 | D6: =Returns!D6 - RiskFree!$C6 -> -0.026757647 | E6: =Returns!E6 - RiskFree!$C6 -> -0.13262807 | F6: =Returns!F6 - RiskFree!$C6 -> -0.024241833 | G6: =Returns!G6 - RiskFree!$C6 -> -0.1336131 | H6: =Returns!H6 - RiskFree!$C6 -> -0.025069969 | I6: =Returns!I6 - RiskFree!$C6 -> -0.023613711 | ... V6: =Returns!V6 - RiskFree!$C6 -> -0.14867895
A7: 4/30/2020 | B7: =Returns!B7 - RiskFree!$C7 -> 0.12672744 | C7: =Returns!C7 - RiskFree!$C7 -> 0.15529016 | D7: =Returns!D7 - RiskFree!$C7 -> 0.1362067 | E7: =Returns!E7 - RiskFree!$C7 -> 0.15888257 | F7: =Returns!F7 - RiskFree!$C7 -> 0.10868572 | G7: =Returns!G7 - RiskFree!$C7 -> 0.22716151 | H7: =Returns!H7 - RiskFree!$C7 -> 0.14403087 | I7: =Returns!I7 - RiskFree!$C7 -> 0.17519602 | ... V7: =Returns!V7 - RiskFree!$C7 -> 0.13420708
A8: 5/31/2020 | B8: =Returns!B8 - RiskFree!$C8 -> 0.045173442 | C8: =Returns!C8 - RiskFree!$C8 -> 0.084996647 | D8: =Returns!D8 - RiskFree!$C8 -> 0.025281769 | E8: =Returns!E8 - RiskFree!$C8 -> 0.064360052 | F8: =Returns!F8 - RiskFree!$C8 -> 0.21455783 | G8: =Returns!G8 - RiskFree!$C8 -> 0.099447135 | H8: =Returns!H8 - RiskFree!$C8 -> -0.0017831954 | I8: =Returns!I8 - RiskFree!$C8 -> 0.0053725556 | ... V8: =Returns!V8 - RiskFree!$C8 -> -0.00010833333
A9: 6/30/2020 | B9: =Returns!B9 - RiskFree!$C9 -> 0.01825507 | C9: =Returns!C9 - RiskFree!$C9 -> 0.14721909 | D9: =Returns!D9 - RiskFree!$C9 -> 0.11037948 | E9: =Returns!E9 - RiskFree!$C9 -> -0.010926267 | F9: =Returns!F9 - RiskFree!$C9 -> 0.07046875 | G9: =Returns!G9 - RiskFree!$C9 -> 0.0086631481 | H9: =Returns!H9 - RiskFree!$C9 -> -0.054700688 | I9: =Returns!I9 - RiskFree!$C9 -> -0.14392027 | ... V9: =Returns!V9 - RiskFree!$C9 -> -0.010021334
A10: 7/31/2020 | B10: =Returns!B10 - RiskFree!$C10 -> 0.054992964 | C10: =Returns!C10 - RiskFree!$C10 -> 0.16514321 | D10: =Returns!D10 - RiskFree!$C10 -> 0.0073206848 | E10: =Returns!E10 - RiskFree!$C10 -> 0.049185119 | F10: =Returns!F10 - RiskFree!$C10 -> 0.11745597 | G10: =Returns!G10 - RiskFree!$C10 -> 0.11703616 | H10: =Returns!H10 - RiskFree!$C10 -> 0.036337203 | I10: =Returns!I10 - RiskFree!$C10 -> 0.18814626 | ... V10: =Returns!V10 - RiskFree!$C10 -> 0.053095056
A11: 8/31/2020 | B11: =Returns!B11 - RiskFree!$C11 -> 0.069981354 | C11: =Returns!C11 - RiskFree!$C11 -> 0.21640802 | D11: =Returns!D11 - RiskFree!$C11 -> 0.10260821 | E11: =Returns!E11 - RiskFree!$C11 -> 0.095070096 | F11: =Returns!F11 - RiskFree!$C11 -> 0.25997923 | G11: =Returns!G11 - RiskFree!$C11 -> 0.15574905 | H11: =Returns!H11 - RiskFree!$C11 -> 0.059393963 | I11: =Returns!I11 - RiskFree!$C11 -> -0.018007428 | ... V11: =Returns!V11 - RiskFree!$C11 -> 0.1053435
A12: 9/30/2020 | B12: =Returns!B12 - RiskFree!$C12 -> -0.039319621 | C12: =Returns!C12 - RiskFree!$C12 -> -0.10269917 | D12: =Returns!D12 - RiskFree!$C12 -> -0.067426469 | E12: =Returns!E12 - RiskFree!$C12 -> -0.10069241 | F12: =Returns!F12 - RiskFree!$C12 -> 0.011886043 | G12: =Returns!G12 - RiskFree!$C12 -> -0.10684474 | H12: =Returns!H12 - RiskFree!$C12 -> -0.029614536 | I12: =Returns!I12 - RiskFree!$C12 -> -0.028924196 | ... V12: =Returns!V12 - RiskFree!$C12 -> 0.027869095
A13: 10/31/2020 | B13: =Returns!B13 - RiskFree!$C13 -> -0.027749108 | C13: =Returns!C13 - RiskFree!$C13 -> -0.060029489 | D13: =Returns!D13 - RiskFree!$C13 -> -0.037414247 | E13: =Returns!E13 - RiskFree!$C13 -> 0.10261158 | F13: =Returns!F13 - RiskFree!$C13 -> -0.073781898 | G13: =Returns!G13 - RiskFree!$C13 -> 0.0045367507 | H13: =Returns!H13 - RiskFree!$C13 -> -0.079149427 | I13: =Returns!I13 - RiskFree!$C13 -> -0.033316051 | ... V13: =Returns!V13 - RiskFree!$C13 -> -0.029689637
A14: 11/30/2020 | B14: =Returns!B14 - RiskFree!$C14 -> 0.10747066 | C14: =Returns!C14 - RiskFree!$C14 -> 0.095460521 | D14: =Returns!D14 - RiskFree!$C14 -> 0.059911374 | E14: =Returns!E14 - RiskFree!$C14 -> 0.085494394 | F14: =Returns!F14 - RiskFree!$C14 -> 0.069189866 | G14: =Returns!G14 - RiskFree!$C14 -> 0.052602587 | H14: =Returns!H14 - RiskFree!$C14 -> 0.062513377 | I14: =Returns!I14 - RiskFree!$C14 -> 0.090799652 | ... V14: =Returns!V14 - RiskFree!$C14 -> 0.026838825
... A62: 11/30/2024 | B62: =Returns!B62 - RiskFree!$C62 -> 0.053618019 | C62: =Returns!C62 - RiskFree!$C62 -> 0.04802153 | D62: =Returns!D62 - RiskFree!$C62 -> 0.040509813 | E62: =Returns!E62 - RiskFree!$C62 -> -0.016303716 | F62: =Returns!F62 - RiskFree!$C62 -> 0.037664754 | G62: =Returns!G62 - RiskFree!$C62 -> 0.0081916446 | H62: =Returns!H62 - RiskFree!$C62 -> -0.03402238 | I62: =Returns!I62 - RiskFree!$C62 -> -0.077534923 | ... V62: =Returns!V62 - RiskFree!$C62 -> 0.0096678015

Sheet RiskFree
A1: observation_date | B1: TB3MS | C1: RF_Monthly | D1: MonthEnd
A2: 43770 | B2: 1.54 | C2: =(B2/100)/12 -> 0.0012833333 | D2: =EOMONTH(A2,0) -> 43799
A3: 43800 | B3: 1.54 | C3: =(B3/100)/12 -> 0.0012833333 | D3: =EOMONTH(A3,0) -> 43830
A4: 43831 | B4: 1.52 | C4: =(B4/100)/12 -> 0.0012666667 | D4: =EOMONTH(A4,0) -> 43861
A5: 43862 | B5: 1.52 | C5: =(B5/100)/12 -> 0.0012666667 | D5: =EOMONTH(A5,0) -> 43890
A6: 43891 | B6: 0.29 | C6: =(B6/100)/12 -> 0.00024166667 | D6: =EOMONTH(A6,0) -> 43921
A7: 43922 | B7: 0.14 | C7: =(B7/100)/12 -> 0.00011666667 | D7: =EOMONTH(A7,0) -> 43951
A8: 43952 | B8: 0.13 | C8: =(B8/100)/12 -> 0.00010833333 | D8: =EOMONTH(A8,0) -> 43982
A9: 43983 | B9: 0.16 | C9: =(B9/100)/12 -> 0.00013333333 | D9: =EOMONTH(A9,0) -> 44012
A10: 44013 | B10: 0.13 | C10: =(B10/100)/12 -> 0.00010833333 | D10: =EOMONTH(A10,0) -> 44043
A11: 44044 | B11: 0.1 | C11: =(B11/100)/12 -> 8.3333333e-05 | D11: =EOMONTH(A11,0) -> 44074
A12: 44075 | B12: 0.11 | C12: =(B12/100)/12 -> 9.1666667e-05 | D12: =EOMONTH(A12,0) -> 44104
A13: 44105 | B13: 0.1 | C13: =(B13/100)/12 -> 8.3333333e-05 | D13: =EOMONTH(A13,0) -> 44135
... A74: 45962 | B74: 3.78 | C74: =(B74/100)/12 -> 0.00315 | D74: =EOMONTH(A74,0) -> 45991

Sheet Stats
A1: Asset | B1: Mean_Excess_Return | C1: Std_Dev | E1: Beta
A2: S&P 500 | B2: =AVERAGE(Excess_Returns!B$2:B$62) -> 0.010249799 | C2: =_xlfn.STDEV.S(Excess_Returns!B2:B62) -> 0.052265948 | H2: Covariance Matrix (20 stocks) | I2: {=INDEX($A$3:$A$22, COLUMNS($I$2:I2))} -> AAPL.US | J2: {=INDEX($A$3:$A$22, COLUMNS($I$2:J2))} -> MSFT.US | K2: {=INDEX($A$3:$A$22, COLUMNS($I$2:K2))} -> GOOGL.US | L2: {=INDEX($A$3:$A$22, COLUMNS($I$2:L2))} -> NVDA.US | M2: {=INDEX($A$3:$A$22, COLUMNS($I$2:M2))} -> META.US | N2: {=INDEX($A$3:$A$22, COLUMNS($I$2:N2))} -> JNJ.US | O2: {=INDEX($A$3:$A$22, COLUMNS($I$2:O2))} -> PFE.US | P2: {=INDEX($A$3:$A$22, COLUMNS($I$2:P2))} -> UNH.US | ... AB2: {=INDEX($A$3:$A$22, COLUMNS($I$2:AB2))} -> MCD.US
A3: AAPL.US | B3: =AVERAGE(Excess_Returns!C$2:C$62) -> 0.023225347 | C3: =_xlfn.STDEV.S(Excess_Returns!C2:C62) -> 0.084189724 | E3: =SLOPE(Excess_Returns!$C$3:$C$62,Excess_Returns!$B$3:$B$62) -> 1.2365339 | H3: {=INDEX($A$3:$A$22, ROWS($H$3:H3))} -> AAPL.US | I3: =_xlfn.COVARIANCE.S( INDEX(Excess_Returns!$C$3:$V$62,0,MATCH($H3,Excess_Returns!$C$1:$V$1,0)), INDEX(Excess_Returns!$C$3:$V$62,0,MATCH(I$2,Excess_Returns!$C$1:$V$1,0)) ) -> 0.0070879096 | J3: =_xlfn.COVARIANCE.S( INDEX(Excess_Returns!$C$3:$V$62,0,MATCH($H3,Excess_Returns!$C$1:$V$1,0)), INDEX(Excess_Returns!$C$3:$V$62,0,MATCH(J$2,Excess_Returns!$C$1:$V$1,0)) ) -> 0.0037824466 | K3: =_xlfn.COVARIANCE.S( INDEX(Excess_Returns!$C$3:$V$62,0,MATCH($H3,Excess_Returns!$C$1:$V$1,0)), INDEX(Excess_Returns!$C$3:$V$62,0,MATCH(K$2,Excess_Returns!$C$1:$V$1,0)) ) -> 0.0034386396 | L3: =_xlfn.COVARIANCE.S( INDEX(Excess_Returns!$C$3:$V$62,0,MATCH($H3,Excess_Returns!$C$1:$V$1,0)), INDEX(Excess_Returns!$C$3:$V$62,0,MATCH(L$2,Excess_Returns!$C$1:$V$1,0)) ) -> 0.0063503388 | M3: =_xlfn.COVARIANCE.S( INDEX(Excess_Returns!$C$3:$V$62,0,MATCH($H3,Excess_Returns!$C$1:$V$1,0)), INDEX(Excess_Returns!$C$3:$V$62,0,MATCH(M$2,Excess_Returns!$C$1:$V$1,0)) ) -> 0.0039354667 | N3: =_xlfn.COVARIANCE.S( INDEX(Excess_Returns!$C$3:$V$62,0,MATCH($H3,Excess_Returns!$C$1:$V$1,0)), INDEX(Excess_Returns!$C$3:$V$62,0,MATCH(N$2,Excess_Returns!$C$1:$V$1,0)) ) -> 0.0017537674 | O3: =_xlfn.COVARIANCE.S( INDEX(Excess_Returns!$C$3:$V$62,0,MATCH($H3,Excess_Returns!$C$1:$V$1,0)), INDEX(Excess_Returns!$C$3:$V$62,0,MATCH(O$2,Excess_Returns!$C$1:$V$1,0)) ) -> 0.0022923078 | P3: =_xlfn.COVARIANCE.S( INDEX(Excess_Returns!$C$3:$V$62,0,MATCH($H3,Excess_Returns!$C$1:$V$1,0)), INDEX(Excess_Returns!$C$3:$V$62,0,MATCH(P$2,Excess_Returns!$C$1:$V$1,0)) ) -> 0.0019319127 | ... AB3: =_xlfn.COVARIANCE.S( INDEX(Excess_Returns!$C$3:$V$62,0,MATCH($H3,Excess_Returns!$C$1:$V$1,0)), INDEX(Excess_Returns!$C$3:$V$62,0,MATCH(AB$2,Excess_Returns!$C$1:$V$1,0)) ) -> 0.002752348
A4: MSFT.US | B4: =AVERAGE(Excess_Returns!D$2:D$62) -> 0.018018304 | C4: =_xlfn.STDEV.S(Excess_Returns!D2:D62) -> 0.064698174 | E4: =SLOPE(Excess_Returns!$C$3:$C$62,Excess_Returns!$B$3:$B$62) -> 1.2365339 | H4: {=INDEX($A$3:$A$22, ROWS($H$3:H4))} -> MSFT.US | I4: =_xlfn.COVARIANCE.S( INDEX(Excess_Returns!$C$3:$V$62,0,MATCH($H4,Excess_Returns!$C$1:$V$1,0)), INDEX(Excess_Returns!$C$3:$V$62,0,MATCH(I$2,Excess_Returns!$C$1:$V$1,0)) ) -> 0.0037824466 | J4: =_xlfn.COVARIANCE.S( INDEX(Excess_Returns!$C$3:$V$62,0,MATCH($H4,Excess_Returns!$C$1:$V$1,0)), INDEX(Excess_Returns!$C$3:$V$62,0,MATCH(J$2,Excess_Returns!$C$1:$V$1,0)) ) -> 0.0041858538 | K4: =_xlfn.COVARIANCE.S( INDEX(Excess_Returns!$C$3:$V$62,0,MATCH($H4,Excess_Returns!$C$1:$V$1,0)), INDEX(Excess_Returns!$C$3:$V$62,0,MATCH(K$2,Excess_Returns!$C$1:$V$1,0)) ) -> 0.0032723931 | L4: =_xlfn.COVARIANCE.S( INDEX(Excess_Returns!$C$3:$V$62,0,MATCH($H4,Excess_Returns!$C$1:$V$1,0)), INDEX(Excess_Returns!$C$3:$V$62,0,MATCH(L$2,Excess_Returns!$C$1:$V$1,0)) ) -> 0.0059219962 | M4: =_xlfn.COVARIANCE.S( INDEX(Excess_Returns!$C$3:$V$62,0,MATCH($H4,Excess_Returns!$C$1:$V$1,0)), INDEX(Excess_Returns!$C$3:$V$62,0,MATCH(M$2,Excess_Returns!$C$1:$V$1,0)) ) -> 0.0041896105 | N4: =_xlfn.COVARIANCE.S( INDEX(Excess_Returns!$C$3:$V$62,0,MATCH($H4,Excess_Returns!$C$1:$V$1,0)), INDEX(Excess_Returns!$C$3:$V$62,0,MATCH(N$2,Excess_Returns!$C$1:$V$1,0)) ) -> 0.0010112517 | O4: =_xlfn.COVARIANCE.S( INDEX(Excess_Returns!$C$3:$V$62,0,MATCH($H4,Excess_Returns!$C$1:$V$1,0)), INDEX(Excess_Returns!$C$3:$V$62,0,MATCH(O$2,Excess_Returns!$C$1:$V$1,0)) ) -> 0.0011617984 | P4: =_xlfn.COVARIANCE.S( INDEX(Excess_Returns!$C$3:$V$62,0,MATCH($H4,Excess_Returns!$C$1:$V$1,0)), INDEX(Excess_Returns!$C$3:$V$62,0,MATCH(P$2,Excess_Returns!$C$1:$V$1,0)) ) -> 0.0013398784 | ... AB4: =_xlfn.COVARIANCE.S( INDEX(Excess_Returns!$C$3:$V$62,0,MATCH($H4,Excess_Returns!$C$1:$V$1,0)), INDEX(Excess_Returns!$C$3:$V$62,0,MATCH(AB$2,Excess_Returns!$C$1:$V$1,0)) ) -> 0.001488617
A5: GOOGL.US | B5: =AVERAGE(Excess_Returns!E$2:E$62) -> 0.016917832 | C5: =_xlfn.STDEV.S(Excess_Returns!E2:E62) -> 0.076946642 | E5: =SLOPE(Excess_Returns!$C$3:$C$62,Excess_Returns!$B$3:$B$62) -> 1.2365339 | H5: {=INDEX($A$3:$A$22, ROWS($H$3:H5))} -> GOOGL.US | I5: =_xlfn.COVARIANCE.S( INDEX(Excess_Returns!$C$3:$V$62,0,MATCH($H5,Excess_Returns!$C$1:$V$1,0)), INDEX(Excess_Returns!$C$3:$V$62,0,MATCH(I$2,Excess_Returns!$C$1:$V$1,0)) ) -> 0.0034386396 | J5: =_xlfn.COVARIANCE.S( INDEX(Excess_Returns!$C$3:$V$62,0,MATCH($H5,Excess_Returns!$C$1:$V$1,0)), INDEX(Excess_Returns!$C$3:$V$62,0,MATCH(J$2,Excess_Returns!$C$1:$V$1,0)) ) -> 0.0032723931 | K5: =_xlfn.COVARIANCE.S( INDEX(Excess_Returns!$C$3:$V$62,0,MATCH($H5,Excess_Returns!$C$1:$V$1,0)), INDEX(Excess_Returns!$C$3:$V$62,0,MATCH(K$2,Excess_Returns!$C$1:$V$1,0)) ) -> 0.0059207857 | L5: =_xlfn.COVARIANCE.S( INDEX(Excess_Returns!$C$3:$V$62,0,MATCH($H5,Excess_Returns!$C$1:$V$1,0)), INDEX(Excess_Returns!$C$3:$V$62,0,MATCH(L$2,Excess_Returns!$C$1:$V$1,0)) ) -> 0.0062299412 | M5: =_xlfn.COVARIANCE.S( INDEX(Excess_Returns!$C$3:$V$62,0,MATCH($H5,Excess_Returns!$C$1:$V$1,0)), INDEX(Excess_Returns!$C$3:$V$62,0,MATCH(M$2,Excess_Returns!$C$1:$V$1,0)) ) -> 0.0041177747 | N5: =_xlfn.COVARIANCE.S( INDEX(Excess_Returns!$C$3:$V$62,0,MATCH($H5,Excess_Returns!$C$1:$V$1,0)), INDEX(Excess_Returns!$C$3:$V$62,0,MATCH(N$2,Excess_Returns!$C$1:$V$1,0)) ) -> 0.00065615945 | O5: =_xlfn.COVARIANCE.S( INDEX(Excess_Returns!$C$3:$V$62,0,MATCH($H5,Excess_Returns!$C$1:$V$1,0)), INDEX(Excess_Returns!$C$3:$V$62,0,MATCH(O$2,Excess_Returns!$C$1:$V$1,0)) ) -> 0.001623504 | P5: =_xlfn.COVARIANCE.S( INDEX(Excess_Returns!$C$3:$V$62,0,MATCH($H5,Excess_Returns!$C$1:$V$1,0)), INDEX(Excess_Returns!$C$3:$V$62,0,MATCH(P$2,Excess_Returns!$C$1:$V$1,0)) ) -> 0.0012042157 | ... AB5: =_xlfn.COVARIANCE.S( INDEX(Excess_Returns!$C$3:$V$62,0,MATCH($H5,Excess_Returns!$C$1:$V$1,0)), INDEX(Excess_Returns!$C$3:$V$62,0,MATCH(AB$2,Excess_Returns!$C$1:$V$1,0)) ) -> 0.0014496785
A6: NVDA.US | B6: =AVERAGE(Excess_Returns!F$2:F$62) -> 0.063391183 | C6: =_xlfn.STDEV.S(Excess_Returns!F2:F62) -> 0.14316794 | E6: =SLOPE(Excess_Returns!$C$3:$C$62,Excess_Returns!$B$3:$B$62) -> 1.2365339 | H6: {=INDEX($A$3:$A$22, ROWS($H$3:H6))} -> NVDA.US | I6: =_xlfn.COVARIANCE.S( INDEX(Excess_Returns!$C$3:$V$62,0,MATCH($H6,Excess_Returns!$C$1:$V$1,0)), INDEX(Excess_Returns!$C$3:$V$62,0,MATCH(I$2,Excess_Returns!$C$1:$V$1,0)) ) -> 0.0063503388 | J6: =_xlfn.COVARIANCE.S( INDEX(Excess_Returns!$C$3:$V$62,0,MATCH($H6,Excess_Returns!$C$1:$V$1,0)), INDEX(Excess_Returns!$C$3:$V$62,0,MATCH(J$2,Excess_Returns!$C$1:$V$1,0)) ) -> 0.0059219962 | K6: =_xlfn.COVARIANCE.S( INDEX(Excess_Returns!$C$3:$V$62,0,MATCH($H6,Excess_Returns!$C$1:$V$1,0)), INDEX(Excess_Returns!$C$3:$V$62,0,MATCH(K$2,Excess_Returns!$C$1:$V$1,0)) ) -> 0.0062299412 | L6: =_xlfn.COVARIANCE.S( INDEX(Excess_Returns!$C$3:$V$62,0,MATCH($H6,Excess_Returns!$C$1:$V$1,0)), INDEX(Excess_Returns!$C$3:$V$62,0,MATCH(L$2,Excess_Returns!$C$1:$V$1,0)) ) -> 0.020497058 | M6: =_xlfn.COVARIANCE.S( INDEX(Excess_Returns!$C$3:$V$62,0,MATCH($H6,Excess_Returns!$C$1:$V$1,0)), INDEX(Excess_Returns!$C$3:$V$62,0,MATCH(M$2,Excess_Returns!$C$1:$V$1,0)) ) -> 0.0089615173 | N6: =_xlfn.COVARIANCE.S( INDEX(Excess_Returns!$C$3:$V$62,0,MATCH($H6,Excess_Returns!$C$1:$V$1,0)), INDEX(Excess_Returns!$C$3:$V$62,0,MATCH(N$2,Excess_Returns!$C$1:$V$1,0)) ) -> -7.0311131e-05 | O6: =_xlfn.COVARIANCE.S( INDEX(Excess_Returns!$C$3:$V$62,0,MATCH($H6,Excess_Returns!$C$1:$V$1,0)), INDEX(Excess_Returns!$C$3:$V$62,0,MATCH(O$2,Excess_Returns!$C$1:$V$1,0)) ) -> 0.0023945424 | P6: =_xlfn.COVARIANCE.S( INDEX(Excess_Returns!$C$3:$V$62,0,MATCH($H6,Excess_Returns!$C$1:$V$1,0)), INDEX(Excess_Returns!$C$3:$V$62,0,MATCH(P$2,Excess_Returns!$C$1:$V$1,0)) ) -> -3.1129229e-05 | ... AB6: =_xlfn.COVARIANCE.S( INDEX(Excess_Returns!$C$3:$V$62,0,MATCH($H6,Excess_Returns!$C$1:$V$1,0)), INDEX(Excess_Returns!$C$3:$V$62,0,MATCH(AB$2,Excess_Returns!$C$1:$V$1,0)) ) -> 0.0011945656
A7: META.US | B7: =AVERAGE(Excess_Returns!G$2:G$62) -> 0.022760691 | C7: =_xlfn.STDEV.S(Excess_Returns!G2:G62) -> 0.1182377 | E7: =SLOPE(Excess_Returns!$C$3:$C$62,Excess_Returns!$B$3:$B$62) -> 1.2365339 | H7: {=INDEX($A$3:$A$22, ROWS($H$3:H7))} -> META.US | I7: =_xlfn.COVARIANCE.S( INDEX(Excess_Returns!$C$3:$V$62,0,MATCH($H7,Excess_Returns!$C$1:$V$1,0)), INDEX(Excess_Returns!$C$3:$V$62,0,MATCH(I$2,Excess_Returns!$C$1:$V$1,0)) ) -> 0.0039354667 | J7: =_xlfn.COVARIANCE.S( INDEX(Excess_Returns!$C$3:$V$62,0,MATCH($H7,Excess_Returns!$C$1:$V$1,0)), INDEX(Excess_Returns!$C$3:$V$62,0,MATCH(J$2,Excess_Returns!$C$1:$V$1,0)) ) -> 0.0041896105 | K7: =_xlfn.COVARIANCE.S( INDEX(Excess_Returns!$C$3:$V$62,0,MATCH($H7,Excess_Returns!$C$1:$V$1,0)), INDEX(Excess_Returns!$C$3:$V$62,0,MATCH(K$2,Excess_Returns!$C$1:$V$1,0)) ) -> 0.0041177747 | L7: =_xlfn.COVARIANCE.S( INDEX(Excess_Returns!$C$3:$V$62,0,MATCH($H7,Excess_Returns!$C$1:$V$1,0)), INDEX(Excess_Returns!$C$3:$V$62,0,MATCH(L$2,Excess_Returns!$C$1:$V$1,0)) ) -> 0.0089615173 | M7: =_xlfn.COVARIANCE.S( INDEX(Excess_Returns!$C$3:$V$62,0,MATCH($H7,Excess_Returns!$C$1:$V$1,0)), INDEX(Excess_Returns!$C$3:$V$62,0,MATCH(M$2,Excess_Returns!$C$1:$V$1,0)) ) -> 0.013980154 | N7: =_xlfn.COVARIANCE.S( INDEX(Excess_Returns!$C$3:$V$62,0,MATCH($H7,Excess_Returns!$C$1:$V$1,0)), INDEX(Excess_Returns!$C$3:$V$62,0,MATCH(N$2,Excess_Returns!$C$1:$V$1,0)) ) -> 0.0011393419 | O7: =_xlfn.COVARIANCE.S( INDEX(Excess_Returns!$C$3:$V$62,0,MATCH($H7,Excess_Returns!$C$1:$V$1,0)), INDEX(Excess_Returns!$C$3:$V$62,0,MATCH(O$2,Excess_Returns!$C$1:$V$1,0)) ) -> 0.0017741357 | P7: =_xlfn.COVARIANCE.S( INDEX(Excess_Returns!$C$3:$V$62,0,MATCH($H7,Excess_Returns!$C$1:$V$1,0)), INDEX(Excess_Returns!$C$3:$V$62,0,MATCH(P$2,Excess_Returns!$C$1:$V$1,0)) ) -> 0.00030513249 | ... AB7: =_xlfn.COVARIANCE.S( INDEX(Excess_Returns!$C$3:$V$62,0,MATCH($H7,Excess_Returns!$C$1:$V$1,0)), INDEX(Excess_Returns!$C$3:$V$62,0,MATCH(AB$2,Excess_Returns!$C$1:$V$1,0)) ) -> 0.0016348892
A8: JNJ.US | B8: =AVERAGE(Excess_Returns!H$2:H$62) -> 0.002481011 | C8: =_xlfn.STDEV.S(Excess_Returns!H2:H62) -> 0.050403689 | E8: =SLOPE(Excess_Returns!$C$3:$C$62,Excess_Returns!$B$3:$B$62) -> 1.2365339 | H8: {=INDEX($A$3:$A$22, ROWS($H$3:H8))} -> JNJ.US | I8: =_xlfn.COVARIANCE.S( INDEX(Excess_Returns!$C$3:$V$62,0,MATCH($H8,Excess_Returns!$C$1:$V$1,0)), INDEX(Excess_Returns!$C$3:$V$62,0,MATCH(I$2,Excess_Returns!$C$1:$V$1,0)) ) -> 0.0017537674 | J8: =_xlfn.COVARIANCE.S( INDEX(Excess_Returns!$C$3:$V$62,0,MATCH($H8,Excess_Returns!$C$1:$V$1,0)), INDEX(Excess_Returns!$C$3:$V$62,0,MATCH(J$2,Excess_Returns!$C$1:$V$1,0)) ) -> 0.0010112517 | K8: =_xlfn.COVARIANCE.S( INDEX(Excess_Returns!$C$3:$V$62,0,MATCH($H8,Excess_Returns!$C$1:$V$1,0)), INDEX(Excess_Returns!$C$3:$V$62,0,MATCH(K$2,Excess_Returns!$C$1:$V$1,0)) ) -> 0.00065615945 | L8: =_xlfn.COVARIANCE.S( INDEX(Excess_Returns!$C$3:$V$62,0,MATCH($H8,Excess_Returns!$C$1:$V$1,0)), INDEX(Excess_Returns!$C$3:$V$62,0,MATCH(L$2,Excess_Returns!$C$1:$V$1,0)) ) -> -7.0311131e-05 | M8: =_xlfn.COVARIANCE.S( INDEX(Excess_Returns!$C$3:$V$62,0,MATCH($H8,Excess_Returns!$C$1:$V$1,0)), INDEX(Excess_Returns!$C$3:$V$62,0,MATCH(M$2,Excess_Returns!$C$1:$V$1,0)) ) -> 0.0011393419 | N8: =_xlfn.COVARIANCE.S( INDEX(Excess_Returns!$C$3:$V$62,0,MATCH($H8,Excess_Returns!$C$1:$V$1,0)), INDEX(Excess_Returns!$C$3:$V$62,0,MATCH(N$2,Excess_Returns!$C$1:$V$1,0)) ) -> 0.0025405319 | O8: =_xlfn.COVARIANCE.S( INDEX(Excess_Returns!$C$3:$V$62,0,MATCH($H8,Excess_Returns!$C$1:$V$1,0)), INDEX(Excess_Returns!$C$3:$V$62,0,MATCH(O$2,Excess_Returns!$C$1:$V$1,0)) ) -> 0.0021998074 | P8: =_xlfn.COVARIANCE.S( INDEX(Excess_Returns!$C$3:$V$62,0,MATCH($H8,Excess_Returns!$C$1:$V$1,0)), INDEX(Excess_Returns!$C$3:$V$62,0,MATCH(P$2,Excess_Returns!$C$1:$V$1,0)) ) -> 0.00175861 | ... AB8: =_xlfn.COVARIANCE.S( INDEX(Excess_Returns!$C$3:$V$62,0,MATCH($H8,Excess_Returns!$C$1:$V$1,0)), INDEX(Excess_Returns!$C$3:$V$62,0,MATCH(AB$2,Excess_Returns!$C$1:$V$1,0)) ) -> 0.0016543532
A9: PFE.US | B9: =AVERAGE(Excess_Returns!I$2:I$62) -> -0.0036473317 | C9: =_xlfn.STDEV.S(Excess_Returns!I2:I62) -> 0.079301851 | E9: =SLOPE(Excess_Returns!$C$3:$C$62,Excess_Returns!$B$3:$B$62) -> 1.2365339 | H9: {=INDEX($A$3:$A$22, ROWS($H$3:H9))} -> PFE.US | I9: =_xlfn.COVARIANCE.S( INDEX(Excess_Returns!$C$3:$V$62,0,MATCH($H9,Excess_Returns!$C$1:$V$1,0)), INDEX(Excess_Returns!$C$3:$V$62,0,MATCH(I$2,Excess_Returns!$C$1:$V$1,0)) ) -> 0.0022923078 | J9: =_xlfn.COVARIANCE.S( INDEX(Excess_Returns!$C$3:$V$62,0,MATCH($H9,Excess_Returns!$C$1:$V$1,0)), INDEX(Excess_Returns!$C$3:$V$62,0,MATCH(J$2,Excess_Returns!$C$1:$V$1,0)) ) -> 0.0011617984 | K9: =_xlfn.COVARIANCE.S( INDEX(Excess_Returns!$C$3:$V$62,0,MATCH($H9,Excess_Returns!$C$1:$V$1,0)), INDEX(Excess_Returns!$C$3:$V$62,0,MATCH(K$2,Excess_Returns!$C$1:$V$1,0)) ) -> 0.001623504 | L9: =_xlfn.COVARIANCE.S( INDEX(Excess_Returns!$C$3:$V$62,0,MATCH($H9,Excess_Returns!$C$1:$V$1,0)), INDEX(Excess_Returns!$C$3:$V$62,0,MATCH(L$2,Excess_Returns!$C$1:$V$1,0)) ) -> 0.0023945424 | M9: =_xlfn.COVARIANCE.S( INDEX(Excess_Returns!$C$3:$V$62,0,MATCH($H9,Excess_Returns!$C$1:$V$1,0)), INDEX(Excess_Returns!$C$3:$V$62,0,MATCH(M$2,Excess_Returns!$C$1:$V$1,0)) ) -> 0.0017741357 | N9: =_xlfn.COVARIANCE.S( INDEX(Excess_Returns!$C$3:$V$62,0,MATCH($H9,Excess_Returns!$C$1:$V$1,0)), INDEX(Excess_Returns!$C$3:$V$62,0,MATCH(N$2,Excess_Returns!$C$1:$V$1,0)) ) -> 0.0021998074 | O9: =_xlfn.COVARIANCE.S( INDEX(Excess_Returns!$C$3:$V$62,0,MATCH($H9,Excess_Returns!$C$1:$V$1,0)), INDEX(Excess_Returns!$C$3:$V$62,0,MATCH(O$2,Excess_Returns!$C$1:$V$1,0)) ) -> 0.0062887835 | P9: =_xlfn.COVARIANCE.S( INDEX(Excess_Returns!$C$3:$V$62,0,MATCH($H9,Excess_Returns!$C$1:$V$1,0)), INDEX(Excess_Returns!$C$3:$V$62,0,MATCH(P$2,Excess_Returns!$C$1:$V$1,0)) ) -> 0.0021958095 | ... AB9: =_xlfn.COVARIANCE.S( INDEX(Excess_Returns!$C$3:$V$62,0,MATCH($H9,Excess_Returns!$C$1:$V$1,0)), INDEX(Excess_Returns!$C$3:$V$62,0,MATCH(AB$2,Excess_Returns!$C$1:$V$1,0)) ) -> 0.0016676871
A10: UNH.US | B10: =AVERAGE(Excess_Returns!J$2:J$62) -> 0.013925248 | C10: =_xlfn.STDEV.S(Excess_Returns!J2:J62) -> 0.05949158 | E10: =SLOPE(Excess_Returns!$C$3:$C$62,Excess_Returns!$B$3:$B$62) -> 1.2365339 | H10: {=INDEX($A$3:$A$22, ROWS($H$3:H10))} -> UNH.US | I10: =_xlfn.COVARIANCE.S( INDEX(Excess_Returns!$C$3:$V$62,0,MATCH($H10,Excess_Returns!$C$1:$V$1,0)), INDEX(Excess_Returns!$C$3:$V$62,0,MATCH(I$2,Excess_Returns!$C$1:$V$1,0)) ) -> 0.0019319127 | J10: =_xlfn.COVARIANCE.S( INDEX(Excess_Returns!$C$3:$V$62,0,MATCH($H10,Excess_Returns!$C$1:$V$1,0)), INDEX(Excess_Returns!$C$3:$V$62,0,MATCH(J$2,Excess_Returns!$C$1:$V$1,0)) ) -> 0.0013398784 | K10: =_xlfn.COVARIANCE.S( INDEX(Excess_Returns!$C$3:$V$62,0,MATCH($H10,Excess_Returns!$C$1:$V$1,0)), INDEX(Excess_Returns!$C$3:$V$62,0,MATCH(K$2,Excess_Returns!$C$1:$V$1,0)) ) -> 0.0012042157 | L10: =_xlfn.COVARIANCE.S( INDEX(Excess_Returns!$C$3:$V$62,0,MATCH($H10,Excess_Returns!$C$1:$V$1,0)), INDEX(Excess_Returns!$C$3:$V$62,0,MATCH(L$2,Excess_Returns!$C$1:$V$1,0)) ) -> -3.1129229e-05 | M10: =_xlfn.COVARIANCE.S( INDEX(Excess_Returns!$C$3:$V$62,0,MATCH($H10,Excess_Returns!$C$1:$V$1,0)), INDEX(Excess_Returns!$C$3:$V$62,0,MATCH(M$2,Excess_Returns!$C$1:$V$1,0)) ) -> 0.00030513249 | N10: =_xlfn.COVARIANCE.S( INDEX(Excess_Returns!$C$3:$V$62,0,MATCH($H10,Excess_Returns!$C$1:$V$1,0)), INDEX(Excess_Returns!$C$3:$V$62,0,MATCH(N$2,Excess_Returns!$C$1:$V$1,0)) ) -> 0.00175861 | O10: =_xlfn.COVARIANCE.S( INDEX(Excess_Returns!$C$3:$V$62,0,MATCH($H10,Excess_Returns!$C$1:$V$1,0)), INDEX(Excess_Returns!$C$3:$V$62,0,MATCH(O$2,Excess_Returns!$C$1:$V$1,0)) ) -> 0.0021958095 | P10: =_xlfn.COVARIANCE.S( INDEX(Excess_Returns!$C$3:$V$62,0,MATCH($H10,Excess_Returns!$C$1:$V$1,0)), INDEX(Excess_Returns!$C$3:$V$62,0,MATCH(P$2,Excess_Returns!$C$1:$V$1,0)) ) -> 0.0035392481 | ... AB10: =_xlfn.COVARIANCE.S( INDEX(Excess_Returns!$C$3:$V$62,0,MATCH($H10,Excess_Returns!$C$1:$V$1,0)), INDEX(Excess_Returns!$C$3:$V$62,0,MATCH(AB$2,Excess_Returns!$C$1:$V$1,0)) ) -> 0.0016076724
A11: MRK.US | B11: =AVERAGE(Excess_Returns!K$2:K$62) -> 0.0049840274 | C11: =_xlfn.STDEV.S(Excess_Returns!K2:K62) -> 0.062855963 | E11: =SLOPE(Excess_Returns!$C$3:$C$62,Excess_Returns!$B$3:$B$62) -> 1.2365339 | H11: {=INDEX($A$3:$A$22, ROWS($H$3:H11))} -> MRK.US | I11: =_xlfn.COVARIANCE.S( INDEX(Excess_Returns!$C$3:$V$62,0,MATCH($H11,Excess_Returns!$C$1:$V$1,0)), INDEX(Excess_Returns!$C$3:$V$62,0,MATCH(I$2,Excess_Returns!$C$1:$V$1,0)) ) -> 0.00071925051 | J11: =_xlfn.COVARIANCE.S( INDEX(Excess_Returns!$C$3:$V$62,0,MATCH($H11,Excess_Returns!$C$1:$V$1,0)), INDEX(Excess_Returns!$C$3:$V$62,0,MATCH(J$2,Excess_Returns!$C$1:$V$1,0)) ) -> 0.0010521872 | K11: =_xlfn.COVARIANCE.S( INDEX(Excess_Returns!$C$3:$V$62,0,MATCH($H11,Excess_Returns!$C$1:$V$1,0)), INDEX(Excess_Returns!$C$3:$V$62,0,MATCH(K$2,Excess_Returns!$C$1:$V$1,0)) ) -> -5.0397633e-05 | L11: =_xlfn.COVARIANCE.S( INDEX(Excess_Returns!$C$3:$V$62,0,MATCH($H11,Excess_Returns!$C$1:$V$1,0)), INDEX(Excess_Returns!$C$3:$V$62,0,MATCH(L$2,Excess_Returns!$C$1:$V$1,0)) ) -> 0.00037279364 | M11: =_xlfn.COVARIANCE.S( INDEX(Excess_Returns!$C$3:$V$62,0,MATCH($H11,Excess_Returns!$C$1:$V$1,0)), INDEX(Excess_Returns!$C$3:$V$62,0,MATCH(M$2,Excess_Returns!$C$1:$V$1,0)) ) -> 0.00049295683 | N11: =_xlfn.COVARIANCE.S( INDEX(Excess_Returns!$C$3:$V$62,0,MATCH($H11,Excess_Returns!$C$1:$V$1,0)), INDEX(Excess_Returns!$C$3:$V$62,0,MATCH(N$2,Excess_Returns!$C$1:$V$1,0)) ) -> 0.0015497973 | O11: =_xlfn.COVARIANCE.S( INDEX(Excess_Returns!$C$3:$V$62,0,MATCH($H11,Excess_Returns!$C$1:$V$1,0)), INDEX(Excess_Returns!$C$3:$V$62,0,MATCH(O$2,Excess_Returns!$C$1:$V$1,0)) ) -> 0.00064809978 | P11: =_xlfn.COVARIANCE.S( INDEX(Excess_Returns!$C$3:$V$62,0,MATCH($H11,Excess_Returns!$C$1:$V$1,0)), INDEX(Excess_Returns!$C$3:$V$62,0,MATCH(P$2,Excess_Returns!$C$1:$V$1,0)) ) -> 0.0013014964 | ... AB11: =_xlfn.COVARIANCE.S( INDEX(Excess_Returns!$C$3:$V$62,0,MATCH($H11,Excess_Returns!$C$1:$V$1,0)), INDEX(Excess_Returns!$C$3:$V$62,0,MATCH(AB$2,Excess_Returns!$C$1:$V$1,0)) ) -> 0.0013310303
A12: ABBV.US | B12: =AVERAGE(Excess_Returns!L$2:L$62) -> 0.015017195 | C12: =_xlfn.STDEV.S(Excess_Returns!L2:L62) -> 0.070640958 | E12: =SLOPE(Excess_Returns!$C$3:$C$62,Excess_Returns!$B$3:$B$62) -> 1.2365339 | H12: {=INDEX($A$3:$A$22, ROWS($H$3:H12))} -> ABBV.US | I12: =_xlfn.COVARIANCE.S( INDEX(Excess_Returns!$C$3:$V$62,0,MATCH($H12,Excess_Returns!$C$1:$V$1,0)), INDEX(Excess_Returns!$C$3:$V$62,0,MATCH(I$2,Excess_Returns!$C$1:$V$1,0)) ) -> 0.0011202053 | J12: =_xlfn.COVARIANCE.S( INDEX(Excess_Returns!$C$3:$V$62,0,MATCH($H12,Excess_Returns!$C$1:$V$1,0)), INDEX(Excess_Returns!$C$3:$V$62,0,MATCH(J$2,Excess_Returns!$C$1:$V$1,0)) ) -> 0.00099543026 | K12: =_xlfn.COVARIANCE.S( INDEX(Excess_Returns!$C$3:$V$62,0,MATCH($H12,Excess_Returns!$C$1:$V$1,0)), INDEX(Excess_Returns!$C$3:$V$62,0,MATCH(K$2,Excess_Returns!$C$1:$V$1,0)) ) -> 0.0014256921 | L12: =_xlfn.COVARIANCE.S( INDEX(Excess_Returns!$C$3:$V$62,0,MATCH($H12,Excess_Returns!$C$1:$V$1,0)), INDEX(Excess_Returns!$C$3:$V$62,0,MATCH(L$2,Excess_Returns!$C$1:$V$1,0)) ) -> 0.0017929498 | M12: =_xlfn.COVARIANCE.S( INDEX(Excess_Returns!$C$3:$V$62,0,MATCH($H12,Excess_Returns!$C$1:$V$1,0)), INDEX(Excess_Returns!$C$3:$V$62,0,MATCH(M$2,Excess_Returns!$C$1:$V$1,0)) ) -> 0.0013171843 | N12: =_xlfn.COVARIANCE.S( INDEX(Excess_Returns!$C$3:$V$62,0,MATCH($H12,Excess_Returns!$C$1:$V$1,0)), INDEX(Excess_Returns!$C$3:$V$62,0,MATCH(N$2,Excess_Returns!$C$1:$V$1,0)) ) -> 0.0016649285 | O12: =_xlfn.COVARIANCE.S( INDEX(Excess_Returns!$C$3:$V$62,0,MATCH($H12,Excess_Returns!$C$1:$V$1,0)), INDEX(Excess_Returns!$C$3:$V$62,0,MATCH(O$2,Excess_Returns!$C$1:$V$1,0)) ) -> 0.0020478259 | P12: =_xlfn.COVARIANCE.S( INDEX(Excess_Returns!$C$3:$V$62,0,MATCH($H12,Excess_Returns!$C$1:$V$1,0)), INDEX(Excess_Returns!$C$3:$V$62,0,MATCH(P$2,Excess_Returns!$C$1:$V$1,0)) ) -> 0.0018037473 | ... AB12: =_xlfn.COVARIANCE.S( INDEX(Excess_Returns!$C$3:$V$62,0,MATCH($H12,Excess_Returns!$C$1:$V$1,0)), INDEX(Excess_Returns!$C$3:$V$62,0,MATCH(AB$2,Excess_Returns!$C$1:$V$1,0)) ) -> 0.00093339226
A13: XOM.US | B13: =AVERAGE(Excess_Returns!M$2:M$62) -> 0.0147693 | C13: =_xlfn.STDEV.S(Excess_Returns!M2:M62) -> 0.098390262 | E13: =SLOPE(Excess_Returns!$C$3:$C$62,Excess_Returns!$B$3:$B$62) -> 1.2365339 | H13: {=INDEX($A$3:$A$22, ROWS($H$3:H13))} -> XOM.US | I13: =_xlfn.COVARIANCE.S( INDEX(Excess_Returns!$C$3:$V$62,0,MATCH($H13,Excess_Returns!$C$1:$V$1,0)), INDEX(Excess_Returns!$C$3:$V$62,0,MATCH(I$2,Excess_Returns!$C$1:$V$1,0)) ) -> 0.0016164836 | J13: =_xlfn.COVARIANCE.S( INDEX(Excess_Returns!$C$3:$V$62,0,MATCH($H13,Excess_Returns!$C$1:$V$1,0)), INDEX(Excess_Returns!$C$3:$V$62,0,MATCH(J$2,Excess_Returns!$C$1:$V$1,0)) ) -> 0.00079673429 | K13: =_xlfn.COVARIANCE.S( INDEX(Excess_Returns!$C$3:$V$62,0,MATCH($H13,Excess_Returns!$C$1:$V$1,0)), INDEX(Excess_Returns!$C$3:$V$62,0,MATCH(K$2,Excess_Returns!$C$1:$V$1,0)) ) -> 0.0018543944 | L13: =_xlfn.COVARIANCE.S( INDEX(Excess_Returns!$C$3:$V$62,0,MATCH($H13,Excess_Returns!$C$1:$V$1,0)), INDEX(Excess_Returns!$C$3:$V$62,0,MATCH(L$2,Excess_Returns!$C$1:$V$1,0)) ) -> 5.1333035e-05 | M13: =_xlfn.COVARIANCE.S( INDEX(Excess_Returns!$C$3:$V$62,0,MATCH($H13,Excess_Returns!$C$1:$V$1,0)), INDEX(Excess_Returns!$C$3:$V$62,0,MATCH(M$2,Excess_Returns!$C$1:$V$1,0)) ) -> -0.00035287721 | N13: =_xlfn.COVARIANCE.S( INDEX(Excess_Returns!$C$3:$V$62,0,MATCH($H13,Excess_Returns!$C$1:$V$1,0)), INDEX(Excess_Returns!$C$3:$V$62,0,MATCH(N$2,Excess_Returns!$C$1:$V$1,0)) ) -> 0.0017286383 | O13: =_xlfn.COVARIANCE.S( INDEX(Excess_Returns!$C$3:$V$62,0,MATCH($H13,Excess_Returns!$C$1:$V$1,0)), INDEX(Excess_Returns!$C$3:$V$62,0,MATCH(O$2,Excess_Returns!$C$1:$V$1,0)) ) -> 0.00090202994 | P13: =_xlfn.COVARIANCE.S( INDEX(Excess_Returns!$C$3:$V$62,0,MATCH($H13,Excess_Returns!$C$1:$V$1,0)), INDEX(Excess_Returns!$C$3:$V$62,0,MATCH(P$2,Excess_Returns!$C$1:$V$1,0)) ) -> 0.0018074404 | ... AB13: =_xlfn.COVARIANCE.S( INDEX(Excess_Returns!$C$3:$V$62,0,MATCH($H13,Excess_Returns!$C$1:$V$1,0)), INDEX(Excess_Returns!$C$3:$V$62,0,MATCH(AB$2,Excess_Returns!$C$1:$V$1,0)) ) -> 0.002091572
A14: CVX.US | B14: =AVERAGE(Excess_Returns!N$2:N$62) -> 0.010201658 | C14: =_xlfn.STDEV.S(Excess_Returns!N2:N62) -> 0.096930882 | E14: =SLOPE(Excess_Returns!$C$3:$C$62,Excess_Returns!$B$3:$B$62) -> 1.2365339 | H14: {=INDEX($A$3:$A$22, ROWS($H$3:H14))} -> CVX.US | I14: =_xlfn.COVARIANCE.S( INDEX(Excess_Returns!$C$3:$V$62,0,MATCH($H14,Excess_Returns!$C$1:$V$1,0)), INDEX(Excess_Returns!$C$3:$V$62,0,MATCH(I$2,Excess_Returns!$C$1:$V$1,0)) ) -> 0.0023204324 | J14: =_xlfn.COVARIANCE.S( INDEX(Excess_Returns!$C$3:$V$62,0,MATCH($H14,Excess_Returns!$C$1:$V$1,0)), INDEX(Excess_Returns!$C$3:$V$62,0,MATCH(J$2,Excess_Returns!$C$1:$V$1,0)) ) -> 0.0013613612 | K14: =_xlfn.COVARIANCE.S( INDEX(Excess_Returns!$C$3:$V$62,0,MATCH($H14,Excess_Returns!$C$1:$V$1,0)), INDEX(Excess_Returns!$C$3:$V$62,0,MATCH(K$2,Excess_Returns!$C$1:$V$1,0)) ) -> 0.0026431359 | L14: =_xlfn.COVARIANCE.S( INDEX(Excess_Returns!$C$3:$V$62,0,MATCH($H14,Excess_Returns!$C$1:$V$1,0)), INDEX(Excess_Returns!$C$3:$V$62,0,MATCH(L$2,Excess_Returns!$C$1:$V$1,0)) ) -> 0.0017063606 | M14: =_xlfn.COVARIANCE.S( INDEX(Excess_Returns!$C$3:$V$62,0,MATCH($H14,Excess_Returns!$C$1:$V$1,0)), INDEX(Excess_Returns!$C$3:$V$62,0,MATCH(M$2,Excess_Returns!$C$1:$V$1,0)) ) -> 0.00010885563 | N14: =_xlfn.COVARIANCE.S( INDEX(Excess_Returns!$C$3:$V$62,0,MATCH($H14,Excess_Returns!$C$1:$V$1,0)), INDEX(Excess_Returns!$C$3:$V$62,0,MATCH(N$2,Excess_Returns!$C$1:$V$1,0)) ) -> 0.0019449231 | O14: =_xlfn.COVARIANCE.S( INDEX(Excess_Returns!$C$3:$V$62,0,MATCH($H14,Excess_Returns!$C$1:$V$1,0)), INDEX(Excess_Returns!$C$3:$V$62,0,MATCH(O$2,Excess_Returns!$C$1:$V$1,0)) ) -> 0.0020992906 | P14: =_xlfn.COVARIANCE.S( INDEX(Excess_Returns!$C$3:$V$62,0,MATCH($H14,Excess_Returns!$C$1:$V$1,0)), INDEX(Excess_Returns!$C$3:$V$62,0,MATCH(P$2,Excess_Returns!$C$1:$V$1,0)) ) -> 0.0026112086 | ... AB14: =_xlfn.COVARIANCE.S( INDEX(Excess_Returns!$C$3:$V$62,0,MATCH($H14,Excess_Returns!$C$1:$V$1,0)), INDEX(Excess_Returns!$C$3:$V$62,0,MATCH(AB$2,Excess_Returns!$C$1:$V$1,0)) ) -> 0.0023920617
A15: COP.US | B15: =AVERAGE(Excess_Returns!O$2:O$62) -> 0.017545654 | C15: =_xlfn.STDEV.S(Excess_Returns!O2:O62) -> 0.12803189 | E15: =SLOPE(Excess_Returns!$C$3:$C$62,Excess_Returns!$B$3:$B$62) -> 1.2365339 | H15: {=INDEX($A$3:$A$22, ROWS($H$3:H15))} -> COP.US | I15: =_xlfn.COVARIANCE.S( INDEX(Excess_Returns!$C$3:$V$62,0,MATCH($H15,Excess_Returns!$C$1:$V$1,0)), INDEX(Excess_Returns!$C$3:$V$62,0,MATCH(I$2,Excess_Returns!$C$1:$V$1,0)) ) -> 0.0020020092 | J15: =_xlfn.COVARIANCE.S( INDEX(Excess_Returns!$C$3:$V$62,0,MATCH($H15,Excess_Returns!$C$1:$V$1,0)), INDEX(Excess_Returns!$C$3:$V$62,0,MATCH(J$2,Excess_Returns!$C$1:$V$1,0)) ) -> 0.0011241479 | K15: =_xlfn.COVARIANCE.S( INDEX(Excess_Returns!$C$3:$V$62,0,MATCH($H15,Excess_Returns!$C$1:$V$1,0)), INDEX(Excess_Returns!$C$3:$V$62,0,MATCH(K$2,Excess_Returns!$C$1:$V$1,0)) ) -> 0.0030539485 | L15: =_xlfn.COVARIANCE.S( INDEX(Excess_Returns!$C$3:$V$62,0,MATCH($H15,Excess_Returns!$C$1:$V$1,0)), INDEX(Excess_Returns!$C$3:$V$62,0,MATCH(L$2,Excess_Returns!$C$1:$V$1,0)) ) -> 0.00073171866 | M15: =_xlfn.COVARIANCE.S( INDEX(Excess_Returns!$C$3:$V$62,0,MATCH($H15,Excess_Returns!$C$1:$V$1,0)), INDEX(Excess_Returns!$C$3:$V$62,0,MATCH(M$2,Excess_Returns!$C$1:$V$1,0)) ) -> 0.0003054017 | N15: =_xlfn.COVARIANCE.S( INDEX(Excess_Returns!$C$3:$V$62,0,MATCH($H15,Excess_Returns!$C$1:$V$1,0)), INDEX(Excess_Returns!$C$3:$V$62,0,MATCH(N$2,Excess_Returns!$C$1:$V$1,0)) ) -> 0.0020394337 | O15: =_xlfn.COVARIANCE.S( INDEX(Excess_Returns!$C$3:$V$62,0,MATCH($H15,Excess_Returns!$C$1:$V$1,0)), INDEX(Excess_Returns!$C$3:$V$62,0,MATCH(O$2,Excess_Returns!$C$1:$V$1,0)) ) -> 0.0012627411 | P15: =_xlfn.COVARIANCE.S( INDEX(Excess_Returns!$C$3:$V$62,0,MATCH($H15,Excess_Returns!$C$1:$V$1,0)), INDEX(Excess_Returns!$C$3:$V$62,0,MATCH(P$2,Excess_Returns!$C$1:$V$1,0)) ) -> 0.0023427401 | ... AB15: =_xlfn.COVARIANCE.S( INDEX(Excess_Returns!$C$3:$V$62,0,MATCH($H15,Excess_Returns!$C$1:$V$1,0)), INDEX(Excess_Returns!$C$3:$V$62,0,MATCH(AB$2,Excess_Returns!$C$1:$V$1,0)) ) -> 0.0025716244
A16: SLB.US | B16: =AVERAGE(Excess_Returns!P$2:P$62) -> 0.013419479 | C16: =_xlfn.STDEV.S(Excess_Returns!P2:P62) -> 0.14595209 | E16: =SLOPE(Excess_Returns!$C$3:$C$62,Excess_Returns!$B$3:$B$62) -> 1.2365339 | H16: {=INDEX($A$3:$A$22, ROWS($H$3:H16))} -> SLB.US | I16: =_xlfn.COVARIANCE.S( INDEX(Excess_Returns!$C$3:$V$62,0,MATCH($H16,Excess_Returns!$C$1:$V$1,0)), INDEX(Excess_Returns!$C$3:$V$62,0,MATCH(I$2,Excess_Returns!$C$1:$V$1,0)) ) -> 0.0031402235 | J16: =_xlfn.COVARIANCE.S( INDEX(Excess_Returns!$C$3:$V$62,0,MATCH($H16,Excess_Returns!$C$1:$V$1,0)), INDEX(Excess_Returns!$C$3:$V$62,0,MATCH(J$2,Excess_Returns!$C$1:$V$1,0)) ) -> 0.0010889795 | K16: =_xlfn.COVARIANCE.S( INDEX(Excess_Returns!$C$3:$V$62,0,MATCH($H16,Excess_Returns!$C$1:$V$1,0)), INDEX(Excess_Returns!$C$3:$V$62,0,MATCH(K$2,Excess_Returns!$C$1:$V$1,0)) ) -> 0.0029221434 | L16: =_xlfn.COVARIANCE.S( INDEX(Excess_Returns!$C$3:$V$62,0,MATCH($H16,Excess_Returns!$C$1:$V$1,0)), INDEX(Excess_Returns!$C$3:$V$62,0,MATCH(L$2,Excess_Returns!$C$1:$V$1,0)) ) -> 0.0014983474 | M16: =_xlfn.COVARIANCE.S( INDEX(Excess_Returns!$C$3:$V$62,0,MATCH($H16,Excess_Returns!$C$1:$V$1,0)), INDEX(Excess_Returns!$C$3:$V$62,0,MATCH(M$2,Excess_Returns!$C$1:$V$1,0)) ) -> 0.00045123111 | N16: =_xlfn.COVARIANCE.S( INDEX(Excess_Returns!$C$3:$V$62,0,MATCH($H16,Excess_Returns!$C$1:$V$1,0)), INDEX(Excess_Returns!$C$3:$V$62,0,MATCH(N$2,Excess_Returns!$C$1:$V$1,0)) ) -> 0.002745703 | O16: =_xlfn.COVARIANCE.S( INDEX(Excess_Returns!$C$3:$V$62,0,MATCH($H16,Excess_Returns!$C$1:$V$1,0)), INDEX(Excess_Returns!$C$3:$V$62,0,MATCH(O$2,Excess_Returns!$C$1:$V$1,0)) ) -> 0.0018438306 | P16: =_xlfn.COVARIANCE.S( INDEX(Excess_Returns!$C$3:$V$62,0,MATCH($H16,Excess_Returns!$C$1:$V$1,0)), INDEX(Excess_Returns!$C$3:$V$62,0,MATCH(P$2,Excess_Returns!$C$1:$V$1,0)) ) -> 0.0029694773 | ... AB16: =_xlfn.COVARIANCE.S( INDEX(Excess_Returns!$C$3:$V$62,0,MATCH($H16,Excess_Returns!$C$1:$V$1,0)), INDEX(Excess_Returns!$C$3:$V$62,0,MATCH(AB$2,Excess_Returns!$C$1:$V$1,0)) ) -> 0.0032238831
A17: OXY.US | B17: =AVERAGE(Excess_Returns!Q$2:Q$62) -> 0.022271314 | C17: =_xlfn.STDEV.S(Excess_Returns!Q2:Q62) -> 0.19140576 | E17: =SLOPE(Excess_Returns!$C$3:$C$62,Excess_Returns!$B$3:$B$62) -> 1.2365339 | H17: {=INDEX($A$3:$A$22, ROWS($H$3:H17))} -> OXY.US | I17: =_xlfn.COVARIANCE.S( INDEX(Excess_Returns!$C$3:$V$62,0,MATCH($H17,Excess_Returns!$C$1:$V$1,0)), INDEX(Excess_Returns!$C$3:$V$62,0,MATCH(I$2,Excess_Returns!$C$1:$V$1,0)) ) -> 0.0036315055 | J17: =_xlfn.COVARIANCE.S( INDEX(Excess_Returns!$C$3:$V$62,0,MATCH($H17,Excess_Returns!$C$1:$V$1,0)), INDEX(Excess_Returns!$C$3:$V$62,0,MATCH(J$2,Excess_Returns!$C$1:$V$1,0)) ) -> 0.002893169 | K17: =_xlfn.COVARIANCE.S( INDEX(Excess_Returns!$C$3:$V$62,0,MATCH($H17,Excess_Returns!$C$1:$V$1,0)), INDEX(Excess_Returns!$C$3:$V$62,0,MATCH(K$2,Excess_Returns!$C$1:$V$1,0)) ) -> 0.0042691048 | L17: =_xlfn.COVARIANCE.S( INDEX(Excess_Returns!$C$3:$V$62,0,MATCH($H17,Excess_Returns!$C$1:$V$1,0)), INDEX(Excess_Returns!$C$3:$V$62,0,MATCH(L$2,Excess_Returns!$C$1:$V$1,0)) ) -> 0.00070182775 | M17: =_xlfn.COVARIANCE.S( INDEX(Excess_Returns!$C$3:$V$62,0,MATCH($H17,Excess_Returns!$C$1:$V$1,0)), INDEX(Excess_Returns!$C$3:$V$62,0,MATCH(M$2,Excess_Returns!$C$1:$V$1,0)) ) -> 0.00051478268 | N17: =_xlfn.COVARIANCE.S( INDEX(Excess_Returns!$C$3:$V$62,0,MATCH($H17,Excess_Returns!$C$1:$V$1,0)), INDEX(Excess_Returns!$C$3:$V$62,0,MATCH(N$2,Excess_Returns!$C$1:$V$1,0)) ) -> 0.0022162986 | O17: =_xlfn.COVARIANCE.S( INDEX(Excess_Returns!$C$3:$V$62,0,MATCH($H17,Excess_Returns!$C$1:$V$1,0)), INDEX(Excess_Returns!$C$3:$V$62,0,MATCH(O$2,Excess_Returns!$C$1:$V$1,0)) ) -> 0.00072178951 | P17: =_xlfn.COVARIANCE.S( INDEX(Excess_Returns!$C$3:$V$62,0,MATCH($H17,Excess_Returns!$C$1:$V$1,0)), INDEX(Excess_Returns!$C$3:$V$62,0,MATCH(P$2,Excess_Returns!$C$1:$V$1,0)) ) -> 0.0025534765 | ... AB17: =_xlfn.COVARIANCE.S( INDEX(Excess_Returns!$C$3:$V$62,0,MATCH($H17,Excess_Returns!$C$1:$V$1,0)), INDEX(Excess_Returns!$C$3:$V$62,0,MATCH(AB$2,Excess_Returns!$C$1:$V$1,0)) ) -> 0.0026463315
A18: AMZN.US | B18: =AVERAGE(Excess_Returns!R$2:R$62) -> 0.016300848 | C18: =_xlfn.STDEV.S(Excess_Returns!R2:R62) -> 0.094628763 | E18: =SLOPE(Excess_Returns!$C$3:$C$62,Excess_Returns!$B$3:$B$62) -> 1.2365339 | H18: {=INDEX($A$3:$A$22, ROWS($H$3:H18))} -> AMZN.US | I18: =_xlfn.COVARIANCE.S( INDEX(Excess_Returns!$C$3:$V$62,0,MATCH($H18,Excess_Returns!$C$1:$V$1,0)), INDEX(Excess_Returns!$C$3:$V$62,0,MATCH(I$2,Excess_Returns!$C$1:$V$1,0)) ) -> 0.0054614165 | J18: =_xlfn.COVARIANCE.S( INDEX(Excess_Returns!$C$3:$V$62,0,MATCH($H18,Excess_Returns!$C$1:$V$1,0)), INDEX(Excess_Returns!$C$3:$V$62,0,MATCH(J$2,Excess_Returns!$C$1:$V$1,0)) ) -> 0.0041274552 | K18: =_xlfn.COVARIANCE.S( INDEX(Excess_Returns!$C$3:$V$62,0,MATCH($H18,Excess_Returns!$C$1:$V$1,0)), INDEX(Excess_Returns!$C$3:$V$62,0,MATCH(K$2,Excess_Returns!$C$1:$V$1,0)) ) -> 0.0044610733 | L18: =_xlfn.COVARIANCE.S( INDEX(Excess_Returns!$C$3:$V$62,0,MATCH($H18,Excess_Returns!$C$1:$V$1,0)), INDEX(Excess_Returns!$C$3:$V$62,0,MATCH(L$2,Excess_Returns!$C$1:$V$1,0)) ) -> 0.0083513362 | M18: =_xlfn.COVARIANCE.S( INDEX(Excess_Returns!$C$3:$V$62,0,MATCH($H18,Excess_Returns!$C$1:$V$1,0)), INDEX(Excess_Returns!$C$3:$V$62,0,MATCH(M$2,Excess_Returns!$C$1:$V$1,0)) ) -> 0.0052265573 | N18: =_xlfn.COVARIANCE.S( INDEX(Excess_Returns!$C$3:$V$62,0,MATCH($H18,Excess_Returns!$C$1:$V$1,0)), INDEX(Excess_Returns!$C$3:$V$62,0,MATCH(N$2,Excess_Returns!$C$1:$V$1,0)) ) -> 0.00042907058 | O18: =_xlfn.COVARIANCE.S( INDEX(Excess_Returns!$C$3:$V$62,0,MATCH($H18,Excess_Returns!$C$1:$V$1,0)), INDEX(Excess_Returns!$C$3:$V$62,0,MATCH(O$2,Excess_Returns!$C$1:$V$1,0)) ) -> 0.00094751025 | P18: =_xlfn.COVARIANCE.S( INDEX(Excess_Returns!$C$3:$V$62,0,MATCH($H18,Excess_Returns!$C$1:$V$1,0)), INDEX(Excess_Returns!$C$3:$V$62,0,MATCH(P$2,Excess_Returns!$C$1:$V$1,0)) ) -> 0.00093911504 | ... AB18: =_xlfn.COVARIANCE.S( INDEX(Excess_Returns!$C$3:$V$62,0,MATCH($H18,Excess_Returns!$C$1:$V$1,0)), INDEX(Excess_Returns!$C$3:$V$62,0,MATCH(AB$2,Excess_Returns!$C$1:$V$1,0)) ) -> 0.001390485
A19: TSLA.US | B19: =AVERAGE(Excess_Returns!S$2:S$62) -> 0.066524749 | C19: =_xlfn.STDEV.S(Excess_Returns!S2:S62) -> 0.22299138 | E19: =SLOPE(Excess_Returns!$C$3:$C$62,Excess_Returns!$B$3:$B$62) -> 1.2365339 | H19: {=INDEX($A$3:$A$22, ROWS($H$3:H19))} -> TSLA.US | I19: =_xlfn.COVARIANCE.S( INDEX(Excess_Returns!$C$3:$V$62,0,MATCH($H19,Excess_Returns!$C$1:$V$1,0)), INDEX(Excess_Returns!$C$3:$V$62,0,MATCH(I$2,Excess_Returns!$C$1:$V$1,0)) ) -> 0.013124232 | J19: =_xlfn.COVARIANCE.S( INDEX(Excess_Returns!$C$3:$V$62,0,MATCH($H19,Excess_Returns!$C$1:$V$1,0)), INDEX(Excess_Returns!$C$3:$V$62,0,MATCH(J$2,Excess_Returns!$C$1:$V$1,0)) ) -> 0.0075667094 | K19: =_xlfn.COVARIANCE.S( INDEX(Excess_Returns!$C$3:$V$62,0,MATCH($H19,Excess_Returns!$C$1:$V$1,0)), INDEX(Excess_Returns!$C$3:$V$62,0,MATCH(K$2,Excess_Returns!$C$1:$V$1,0)) ) -> 0.0075805037 | L19: =_xlfn.COVARIANCE.S( INDEX(Excess_Returns!$C$3:$V$62,0,MATCH($H19,Excess_Returns!$C$1:$V$1,0)), INDEX(Excess_Returns!$C$3:$V$62,0,MATCH(L$2,Excess_Returns!$C$1:$V$1,0)) ) -> 0.012839548 | M19: =_xlfn.COVARIANCE.S( INDEX(Excess_Returns!$C$3:$V$62,0,MATCH($H19,Excess_Returns!$C$1:$V$1,0)), INDEX(Excess_Returns!$C$3:$V$62,0,MATCH(M$2,Excess_Returns!$C$1:$V$1,0)) ) -> 0.0080874683 | N19: =_xlfn.COVARIANCE.S( INDEX(Excess_Returns!$C$3:$V$62,0,MATCH($H19,Excess_Returns!$C$1:$V$1,0)), INDEX(Excess_Returns!$C$3:$V$62,0,MATCH(N$2,Excess_Returns!$C$1:$V$1,0)) ) -> 0.0025306202 | O19: =_xlfn.COVARIANCE.S( INDEX(Excess_Returns!$C$3:$V$62,0,MATCH($H19,Excess_Returns!$C$1:$V$1,0)), INDEX(Excess_Returns!$C$3:$V$62,0,MATCH(O$2,Excess_Returns!$C$1:$V$1,0)) ) -> 0.0015945273 | P19: =_xlfn.COVARIANCE.S( INDEX(Excess_Returns!$C$3:$V$62,0,MATCH($H19,Excess_Returns!$C$1:$V$1,0)), INDEX(Excess_Returns!$C$3:$V$62,0,MATCH(P$2,Excess_Returns!$C$1:$V$1,0)) ) -> 0.0032709083 | ... AB19: =_xlfn.COVARIANCE.S( INDEX(Excess_Returns!$C$3:$V$62,0,MATCH($H19,Excess_Returns!$C$1:$V$1,0)), INDEX(Excess_Returns!$C$3:$V$62,0,MATCH(AB$2,Excess_Returns!$C$1:$V$1,0)) ) -> 0.0045630376
A20: NKE.US | B20: =AVERAGE(Excess_Returns!T$2:T$62) -> -0.00036677157 | C20: =_xlfn.STDEV.S(Excess_Returns!T2:T62) -> 0.090408619 | E20: =SLOPE(Excess_Returns!$C$3:$C$62,Excess_Returns!$B$3:$B$62) -> 1.2365339 | H20: {=INDEX($A$3:$A$22, ROWS($H$3:H20))} -> NKE.US | I20: =_xlfn.COVARIANCE.S( INDEX(Excess_Returns!$C$3:$V$62,0,MATCH($H20,Excess_Returns!$C$1:$V$1,0)), INDEX(Excess_Returns!$C$3:$V$62,0,MATCH(I$2,Excess_Returns!$C$1:$V$1,0)) ) -> 0.0035836588 | J20: =_xlfn.COVARIANCE.S( INDEX(Excess_Returns!$C$3:$V$62,0,MATCH($H20,Excess_Returns!$C$1:$V$1,0)), INDEX(Excess_Returns!$C$3:$V$62,0,MATCH(J$2,Excess_Returns!$C$1:$V$1,0)) ) -> 0.002886049 | K20: =_xlfn.COVARIANCE.S( INDEX(Excess_Returns!$C$3:$V$62,0,MATCH($H20,Excess_Returns!$C$1:$V$1,0)), INDEX(Excess_Returns!$C$3:$V$62,0,MATCH(K$2,Excess_Returns!$C$1:$V$1,0)) ) -> 0.0018362672 | L20: =_xlfn.COVARIANCE.S( INDEX(Excess_Returns!$C$3:$V$62,0,MATCH($H20,Excess_Returns!$C$1:$V$1,0)), INDEX(Excess_Returns!$C$3:$V$62,0,MATCH(L$2,Excess_Returns!$C$1:$V$1,0)) ) -> 0.0046617293 | M20: =_xlfn.COVARIANCE.S( INDEX(Excess_Returns!$C$3:$V$62,0,MATCH($H20,Excess_Returns!$C$1:$V$1,0)), INDEX(Excess_Returns!$C$3:$V$62,0,MATCH(M$2,Excess_Returns!$C$1:$V$1,0)) ) -> 0.0034294219 | N20: =_xlfn.COVARIANCE.S( INDEX(Excess_Returns!$C$3:$V$62,0,MATCH($H20,Excess_Returns!$C$1:$V$1,0)), INDEX(Excess_Returns!$C$3:$V$62,0,MATCH(N$2,Excess_Returns!$C$1:$V$1,0)) ) -> 0.0015338073 | O20: =_xlfn.COVARIANCE.S( INDEX(Excess_Returns!$C$3:$V$62,0,MATCH($H20,Excess_Returns!$C$1:$V$1,0)), INDEX(Excess_Returns!$C$3:$V$62,0,MATCH(O$2,Excess_Returns!$C$1:$V$1,0)) ) -> 0.0016547678 | P20: =_xlfn.COVARIANCE.S( INDEX(Excess_Returns!$C$3:$V$62,0,MATCH($H20,Excess_Returns!$C$1:$V$1,0)), INDEX(Excess_Returns!$C$3:$V$62,0,MATCH(P$2,Excess_Returns!$C$1:$V$1,0)) ) -> 0.0020038193 | ... AB20: =_xlfn.COVARIANCE.S( INDEX(Excess_Returns!$C$3:$V$62,0,MATCH($H20,Excess_Returns!$C$1:$V$1,0)), INDEX(Excess_Returns!$C$3:$V$62,0,MATCH(AB$2,Excess_Returns!$C$1:$V$1,0)) ) -> 0.002791527
A21: HD.US | B21: =AVERAGE(Excess_Returns!U$2:U$62) -> 0.013007073 | C21: =_xlfn.STDEV.S(Excess_Returns!U2:U62) -> 0.073387187 | E21: =SLOPE(Excess_Returns!$C$3:$C$62,Excess_Returns!$B$3:$B$62) -> 1.2365339 | H21: {=INDEX($A$3:$A$22, ROWS($H$3:H21))} -> HD.US | I21: =_xlfn.COVARIANCE.S( INDEX(Excess_Returns!$C$3:$V$62,0,MATCH($H21,Excess_Returns!$C$1:$V$1,0)), INDEX(Excess_Returns!$C$3:$V$62,0,MATCH(I$2,Excess_Returns!$C$1:$V$1,0)) ) -> 0.0031186886 | J21: =_xlfn.COVARIANCE.S( INDEX(Excess_Returns!$C$3:$V$62,0,MATCH($H21,Excess_Returns!$C$1:$V$1,0)), INDEX(Excess_Returns!$C$3:$V$62,0,MATCH(J$2,Excess_Returns!$C$1:$V$1,0)) ) -> 0.0023634699 | K21: =_xlfn.COVARIANCE.S( INDEX(Excess_Returns!$C$3:$V$62,0,MATCH($H21,Excess_Returns!$C$1:$V$1,0)), INDEX(Excess_Returns!$C$3:$V$62,0,MATCH(K$2,Excess_Returns!$C$1:$V$1,0)) ) -> 0.0020944728 | L21: =_xlfn.COVARIANCE.S( INDEX(Excess_Returns!$C$3:$V$62,0,MATCH($H21,Excess_Returns!$C$1:$V$1,0)), INDEX(Excess_Returns!$C$3:$V$62,0,MATCH(L$2,Excess_Returns!$C$1:$V$1,0)) ) -> 0.0038535434 | M21: =_xlfn.COVARIANCE.S( INDEX(Excess_Returns!$C$3:$V$62,0,MATCH($H21,Excess_Returns!$C$1:$V$1,0)), INDEX(Excess_Returns!$C$3:$V$62,0,MATCH(M$2,Excess_Returns!$C$1:$V$1,0)) ) -> 0.0040315628 | N21: =_xlfn.COVARIANCE.S( INDEX(Excess_Returns!$C$3:$V$62,0,MATCH($H21,Excess_Returns!$C$1:$V$1,0)), INDEX(Excess_Returns!$C$3:$V$62,0,MATCH(N$2,Excess_Returns!$C$1:$V$1,0)) ) -> 0.0016977379 | O21: =_xlfn.COVARIANCE.S( INDEX(Excess_Returns!$C$3:$V$62,0,MATCH($H21,Excess_Returns!$C$1:$V$1,0)), INDEX(Excess_Returns!$C$3:$V$62,0,MATCH(O$2,Excess_Returns!$C$1:$V$1,0)) ) -> 0.0026632855 | P21: =_xlfn.COVARIANCE.S( INDEX(Excess_Returns!$C$3:$V$62,0,MATCH($H21,Excess_Returns!$C$1:$V$1,0)), INDEX(Excess_Returns!$C$3:$V$62,0,MATCH(P$2,Excess_Returns!$C$1:$V$1,0)) ) -> 0.0019025989 | ... AB21: =_xlfn.COVARIANCE.S( INDEX(Excess_Returns!$C$3:$V$62,0,MATCH($H21,Excess_Returns!$C$1:$V$1,0)), INDEX(Excess_Returns!$C$3:$V$62,0,MATCH(AB$2,Excess_Returns!$C$1:$V$1,0)) ) -> 0.0027503045
A22: MCD.US | B22: =AVERAGE(Excess_Returns!V$2:V$62) -> 0.0076791872 | C22: =_xlfn.STDEV.S(Excess_Returns!V2:V62) -> 0.056323978 | E22: =SLOPE(Excess_Returns!$C$3:$C$62,Excess_Returns!$B$3:$B$62) -> 1.2365339 | H22: {=INDEX($A$3:$A$22, ROWS($H$3:H22))} -> MCD.US | I22: =_xlfn.COVARIANCE.S( INDEX(Excess_Returns!$C$3:$V$62,0,MATCH($H22,Excess_Returns!$C$1:$V$1,0)), INDEX(Excess_Returns!$C$3:$V$62,0,MATCH(I$2,Excess_Returns!$C$1:$V$1,0)) ) -> 0.002752348 | J22: =_xlfn.COVARIANCE.S( INDEX(Excess_Returns!$C$3:$V$62,0,MATCH($H22,Excess_Returns!$C$1:$V$1,0)), INDEX(Excess_Returns!$C$3:$V$62,0,MATCH(J$2,Excess_Returns!$C$1:$V$1,0)) ) -> 0.001488617 | K22: =_xlfn.COVARIANCE.S( INDEX(Excess_Returns!$C$3:$V$62,0,MATCH($H22,Excess_Returns!$C$1:$V$1,0)), INDEX(Excess_Returns!$C$3:$V$62,0,MATCH(K$2,Excess_Returns!$C$1:$V$1,0)) ) -> 0.0014496785 | L22: =_xlfn.COVARIANCE.S( INDEX(Excess_Returns!$C$3:$V$62,0,MATCH($H22,Excess_Returns!$C$1:$V$1,0)), INDEX(Excess_Returns!$C$3:$V$62,0,MATCH(L$2,Excess_Returns!$C$1:$V$1,0)) ) -> 0.0011945656 | M22: =_xlfn.COVARIANCE.S( INDEX(Excess_Returns!$C$3:$V$62,0,MATCH($H22,Excess_Returns!$C$1:$V$1,0)), INDEX(Excess_Returns!$C$3:$V$62,0,MATCH(M$2,Excess_Returns!$C$1:$V$1,0)) ) -> 0.0016348892 | N22: =_xlfn.COVARIANCE.S( INDEX(Excess_Returns!$C$3:$V$62,0,MATCH($H22,Excess_Returns!$C$1:$V$1,0)), INDEX(Excess_Returns!$C$3:$V$62,0,MATCH(N$2,Excess_Returns!$C$1:$V$1,0)) ) -> 0.0016543532 | O22: =_xlfn.COVARIANCE.S( INDEX(Excess_Returns!$C$3:$V$62,0,MATCH($H22,Excess_Returns!$C$1:$V$1,0)), INDEX(Excess_Returns!$C$3:$V$62,0,MATCH(O$2,Excess_Returns!$C$1:$V$1,0)) ) -> 0.0016676871 | P22: =_xlfn.COVARIANCE.S( INDEX(Excess_Returns!$C$3:$V$62,0,MATCH($H22,Excess_Returns!$C$1:$V$1,0)), INDEX(Excess_Returns!$C$3:$V$62,0,MATCH(P$2,Excess_Returns!$C$1:$V$1,0)) ) -> 0.0016076724 | ... AB22: =_xlfn.COVARIANCE.S( INDEX(Excess_Returns!$C$3:$V$62,0,MATCH($H22,Excess_Returns!$C$1:$V$1,0)), INDEX(Excess_Returns!$C$3:$V$62,0,MATCH(AB$2,Excess_Returns!$C$1:$V$1,0)) ) -> 0.0031723904

Sheet MV_HighBeta
A1: Asset | B1: Mean_Excess_Return | C1: Std_Dev | E1: Beta | F1: Weights | G1: Target Returns | H1: Volatility | L1: Column 1 | M1: Column 2 | N1: Column 3 | O1: Column 4 | P1: Column 5 | Q1: Column 6 | R1: Column 7 | S1: Column 8 | T1: Column 9 | U1: Column 10 | V1: Column 11 | W1: Column 12 | X1: Column 13 | Y1: Column 14 | Z1: Column 15 | AA1: Column 16 | AB1: Column 17 | AC1: Column 18 | AD1: Column 19 | AE1: Column 20 | AF1: Column 21
A2: TSLA.US | B2: =AVERAGE(Excess_Returns!S$2:S$62) -> 0.066524749 | C2: =_xlfn.STDEV.S(Excess_Returns!S2:S62) -> 0.22299138 | E2: =SLOPE(Excess_Returns!$S$3:$S$63, Excess_Returns!$B$3:$B$63) -> 2.3912524 | F2: 0.1 | G2: 0.011 | K2: Column 1 | M2: AAPL.US | N2: MSFT.US | O2: GOOGL.US | P2: NVDA.US | Q2: META.US | R2: JNJ.US | S2: PFE.US | T2: UNH.US | U2: MRK.US | V2: ABBV.US | W2: XOM.US | X2: CVX.US | Y2: COP.US | Z2: SLB.US | AA2: OXY.US | AB2: AMZN.US | AC2: TSLA.US | AD2: NKE.US | AE2: HD.US | AF2: MCD.US
A3: NVDA.US | B3: =AVERAGE(Excess_Returns!F$2:F$62) -> 0.063391183 | C3: =_xlfn.STDEV.S(Excess_Returns!F2:F62) -> 0.14316794 | E3: =SLOPE(Excess_Returns!$F$3:$F$63, Excess_Returns!$B$3:$B$63) -> 1.6181281 | F3: 0.1 | G3: 0.012 | K3: Column 2 | L3: AAPL.US | M3: =VARP(Excess_Returns!$C$2:$C$62) -> 0.0069697777
A4: OXY.US | B4: =AVERAGE(Excess_Returns!Q$2:Q$62) -> 0.022271314 | C4: =_xlfn.STDEV.S(Excess_Returns!Q2:Q62) -> 0.19140576 | E4: =SLOPE(Excess_Returns!$Q$3:$Q$63, Excess_Returns!$B$3:$B$63) -> 1.6163809 | F4: 0.1 | G4: 0.013 | K4: Column 3 | L4: MSFT.US | M4: 0.0037194058 | N4: =VARP(Excess_Returns!$D$2:$D$62) -> 0.0041160895
A5: SLB.US | B5: =AVERAGE(Excess_Returns!P$2:P$62) -> 0.013419479 | C5: =_xlfn.STDEV.S(Excess_Returns!P2:P62) -> 0.14595209 | E5: =SLOPE(Excess_Returns!$P$3:$P$63, Excess_Returns!$B$3:$B$63) -> 1.5309232 | F5: 0.1 | G5: 0.014 | K5: Column 4 | L5: GOOGL.US | M5: 0.003381329 | N5: 0.0032178532 | O5: =VARP(Excess_Returns!$E$2:$E$62) -> 0.0058221059
A6: AAPL.US | B6: =AVERAGE(Excess_Returns!C$2:C$62) -> 0.023225347 | C6: =_xlfn.STDEV.S(Excess_Returns!C2:C62) -> 0.084189724 | E6: =SLOPE(Excess_Returns!$C$3:$C$63, Excess_Returns!$B$3:$B$63) -> 1.2365339 | F6: 0.1 | G6: 0.015 | K6: Column 5 | L6: NVDA.US | M6: 0.0062444998 | N6: 0.0058232962 | O6: 0.0061261089 | P6: =VARP(Excess_Returns!$F$2:$F$62) -> 0.020155441
A7: COP.US | B7: =AVERAGE(Excess_Returns!O$2:O$62) -> 0.017545654 | C7: =_xlfn.STDEV.S(Excess_Returns!O2:O62) -> 0.12803189 | E7: =SLOPE(Excess_Returns!$O$3:$O$63, Excess_Returns!$B$3:$B$63) -> 1.1981324 | F7: 0.1 | G7: 0.016 | K7: Column 6 | L7: META.US | M7: 0.0038698756 | N7: 0.0041197836 | O7: 0.0040491452 | P7: 0.0088121586 | Q7: =VARP(Excess_Returns!$G$2:$G$62) -> 0.013747151
A8: META.US | B8: =AVERAGE(Excess_Returns!G$2:G$62) -> 0.022760691 | C8: =_xlfn.STDEV.S(Excess_Returns!G2:G62) -> 0.1182377 | E8: =SLOPE(Excess_Returns!$G$3:$G$63, Excess_Returns!$B$3:$B$63) -> 1.1781824 | F8: 0.1 | G8: 0.017 | K8: Column 7 | L8: JNJ.US | M8: 0.0017245379 | N8: 0.0009943975 | O8: 0.00064522346 | P8: -6.9139279e-05 | Q8: 0.0011203529 | R8: =VARP(Excess_Returns!$H$2:$H$62) -> 0.0024981897
A9: AMZN.US | B9: =AVERAGE(Excess_Returns!R$2:R$62) -> 0.016300848 | C9: =_xlfn.STDEV.S(Excess_Returns!R2:R62) -> 0.094628763 | E9: =SLOPE(Excess_Returns!$R$3:$R$63, Excess_Returns!$B$3:$B$63) -> 1.1595747 | F9: 0.1 | G9: 0.018 | K9: Column 8 | L9: PFE.US | M9: 0.0022541027 | N9: 0.0011424351 | O9: 0.0015964456 | P9: 0.0023546334 | Q9: 0.0017445668 | R9: 0.002163144 | S9: =VARP(Excess_Returns!$I$2:$I$62) -> 0.0061839705
A10: CVX.US | B10: =AVERAGE(Excess_Returns!N$2:N$62) -> 0.010201658 | C10: =_xlfn.STDEV.S(Excess_Returns!N2:N62) -> 0.096930882 | E10: =SLOPE(Excess_Returns!$N$3:$N$63, Excess_Returns!$B$3:$B$63) -> 1.1077644 | F10: 0.1 | G10: 0.019 | K10: Column 9 | L10: UNH.US | M10: 0.0018997141 | N10: 0.0013175471 | O10: 0.0011841455 | P10: -3.0610409e-05 | Q10: 0.00030004695 | R10: 0.0017292998 | S10: 0.0021592127 | T10: =VARP(Excess_Returns!$J$2:$J$62) -> 0.0034802606
A11: HD.US | B11: =AVERAGE(Excess_Returns!U$2:U$62) -> 0.013007073 | C11: =_xlfn.STDEV.S(Excess_Returns!U2:U62) -> 0.073387187 | E11: =SLOPE(Excess_Returns!$U$3:$U$63, Excess_Returns!$B$3:$B$63) -> 1.0285923 | F11: 0.1 | G11: 0.02 | K11: Column 10 | L11: MRK.US | M11: 0.000707263 | N11: 0.0010346507 | O11: -4.9557672e-05 | P11: 0.00036658041 | Q11: 0.00048474088 | R11: 0.0015239674 | S11: 0.00063729811 | T11: 0.0012798048 | U11: =VARP(Excess_Returns!$K$2:$K$62) -> 0.0038850242
F12: =SUM(F2:F11) -> 1 | G12: 0.021 | K12: Column 11 | L12: ABBV.US | M12: 0.0011015352 | N12: 0.00097883976 | O12: 0.0014019306 | P12: 0.0017630673 | Q12: 0.0012952312 | R12: 0.0016371797 | S12: 0.0020136955 | T12: 0.0017736849 | U12: 0.0010326644 | V12: =VARP(Excess_Returns!$L$2:$L$62) -> 0.0049069759
G13: 0.022 | K13: Column 12 | L13: XOM.US | M13: 0.0015895422 | N13: 0.00078345538 | O13: 0.0018234878 | P13: 5.0477484e-05 | Q13: -0.00034699592 | R13: 0.0016998276 | S13: 0.00088699611 | T13: 0.0017773164 | U13: 0.0023465011 | V13: 0.0023050914 | W13: =VARP(Excess_Returns!$M$2:$M$62) -> 0.0095192995
G14: 0.023 | K14: Column 13 | L14: CVX.US | M14: 0.0022817585 | N14: 0.0013386719 | O14: 0.0025990837 | P14: 0.0016779213 | Q14: 0.00010704137 | R14: 0.0019125077 | S14: 0.0020643024 | T14: 0.0025676884 | U14: 0.0020787389 | V14: 0.0031610192 | W14: 0.0083403795 | X14: =VARP(Excess_Returns!$N$2:$N$62) -> 0.0092390027
G15: 0.024 | K15: Column 14 | L15: COP.US | M15: 0.0019686424 | N15: 0.0011054121 | O15: 0.0030030494 | P15: 0.00071952335 | Q15: 0.00030031167 | R15: 0.0020054431 | S15: 0.0012416954 | T15: 0.0023036945 | U15: 0.002248554 | V15: 0.003173018 | W15: 0.010808984 | X15: 0.010484757 | Y15: =VARP(Excess_Returns!$O$2:$O$62) -> 0.016118962
G16: 0.025 | K16: Column 15 | L16: SLB.US | M16: 0.0030878864 | N16: 0.0010708298 | O16: 0.002873441 | P16: 0.001473375 | Q16: 0.0004437106 | R16: 0.0026999413 | S16: 0.0018131 | T16: 0.002919986 | U16: 0.003180894 | V16: 0.0045610846 | W16: 0.012277625 | X16: 0.01176902 | Y16: 0.016206612 | Z16: =VARP(Excess_Returns!$P$2:$P$62) -> 0.02094698
G17: 0.026 | K17: Column 16 | L17: OXY.US | M17: 0.0035709804 | N17: 0.0028449495 | O17: 0.004197953 | P17: 0.00069013063 | Q17: 0.00050620297 | R17: 0.0021793603 | S17: 0.00070975969 | T17: 0.0025109185 | U17: 0.0023339111 | V17: 0.0052509656 | W17: 0.014619649 | X17: 0.014199755 | Y17: 0.020319565 | Z17: 0.02071453 | AA17: =VARP(Excess_Returns!$Q$2:$Q$62) -> 0.036025561
B18: High Beta Portfolio Excess Return | C18: =SUMPRODUCT(B2:B11, C2:C11) -> 0.040510337 | G18: 0.027 | K18: Column 17 | L18: AMZN.US | M18: 0.0053703929 | N18: 0.0040586643 | O18: 0.0043867221 | P18: 0.0082121473 | Q18: 0.005139448 | R18: 0.00042191941 | S18: 0.00093171842 | T18: 0.00092346313 | U18: -0.0004614135 | V18: -0.00027187455 | W18: 0.00053520677 | X18: 0.0015932112 | Y18: 0.0014526453 | Z18: 0.00060189729 | AA18: 0.0033787445 | AB18: =VARP(Excess_Returns!$R$2:$R$62) -> 0.0088053595
G19: 0.028 | K19: Column 18 | L19: TSLA.US | M19: 0.012905495 | N19: 0.0074405975 | O19: 0.007454162 | P19: 0.012625556 | Q19: 0.0079526772 | R19: 0.0024884432 | S19: 0.0015679518 | T19: 0.0032163931 | U19: 3.7145315e-06 | V19: 0.0006774302 | W19: 0.0017326321 | X19: 0.0047279576 | Y19: 0.0045434689 | Z19: 0.0054075858 | AA19: 0.01100607 | AB19: 0.01336487 | AC19: =VARP(Excess_Returns!$S$2:$S$62) -> 0.048896404
B20: High Beta Portfolio Variance | C20: {=SUMPRODUCT( $F$2:$F$11, INDEX(Stats!#REF!, MATCH($A$2:$A$11, Stats!$A$3:$A$22, 0), MATCH($A$2:$A$11, Stats!#REF!, 0) ), $F$2:$F$11 )} -> #REF! | G20: 0.029 | K20: Column 19 | L20: NKE.US | M20: 0.0035239312 | N20: 0.0028379482 | O20: 0.0018056627 | P20: 0.0045840338 | Q20: 0.0033722649 | R20: 0.0015082438 | S20: 0.0016271884 | T20: 0.0019704223 | U20: 0.0018582511 | V20: 0.0014095092 | W20: 0.0019859982 | X20: 0.0025722938 | Y20: 0.002474384 | Z20: 0.0036675173 | AA20: 0.002143875 | AB20: 0.0019117077 | AC20: 0.0053536185 | AD20: =VARP(Excess_Returns!$T$2:$T$62) -> 0.0080374898
B21: High Beta Portfolio Volatility | C21: =SQRT(C20) -> #REF! | G21: 0.03 | K21: Column 20 | L21: HD.US | M21: 0.0030667104 | N21: 0.0023240788 | O21: 0.0020595649 | P21: 0.0037893177 | Q21: 0.00396437 | R21: 0.0016694422 | S21: 0.0026188975 | T21: 0.0018708889 | U21: 0.0012209554 | V21: 0.001382625 | W21: 0.0016928304 | X21: 0.002611273 | Y21: 0.0023353141 | Z21: 0.0033394981 | AA21: 0.0017881335 | AB21: 0.0027341997 | AC21: 0.0067290465 | AD21: 0.0032641912 | AE21: =VARP(Excess_Returns!$U$2:$U$62) -> 0.0052959179
K22: Column 21 | L22: MCD.US | M22: 0.0027064755 | N22: 0.0014638067 | O22: 0.0014255172 | P22: 0.0011746562 | Q22: 0.001607641 | R22: 0.0016267806 | S22: 0.0016398923 | T22: 0.0015808778 | U22: 0.0013088465 | V22: 0.00091783572 | W22: 0.0020567125 | X22: 0.002352194 | Y22: 0.002528764 | Z22: 0.0031701517 | AA22: 0.002602226 | AB22: 0.0013673103 | AC22: 0.004486987 | AD22: 0.0027450016 | AE22: 0.0027044661 | AF22: =VARP(Excess_Returns!$V$2:$V$62) -> 0.0031195173
E24: Std_Dev
E25: 0.22299138
E26: 0.14316794
E27: 0.19140576
E28: 0.1459521
E29: 0.084189724
E30: 0.12803189
E31: 0.1182377
E32: 0.094628763
E33: 0.096930882
E34: 0.073387187
E41: 0.040510337
E43: 0.001862006
E44: 0.043150963
E52: Mean_Excess_Return
E53: 0.066524749
E54: 0.063391183
E55: 0.022271314
E56: 0.013419479
E57: 0.023225347
E58: 0.017545654
E59: 0.022760691
E60: 0.016300848
E61: 0.010201658
E62: 0.013007073
E69: High Beta Portfolio Excess Return
E71: High Beta Portfolio Variance
E72: High Beta Portfolio Volatility

Sheet MV_LowBeta
A1: Asset | B1: Mean_Excess_Return | C1: Std_Dev | E1: Beta | F1: Weights | I1: Column 1 | J1: Column 2 | K1: Column 3 | L1: Column 4 | M1: Column 5 | N1: Column 6 | O1: Column 7 | P1: Column 8 | Q1: Column 9 | R1: Column 10 | S1: Column 11 | T1: Column 12 | U1: Column 13 | V1: Column 14 | W1: Column 15 | X1: Column 16 | Y1: Column 17 | Z1: Column 18 | AA1: Column 19 | AB1: Column 20 | AC1: Column 21
A2: MRK.US | B2: =AVERAGE(Excess_Returns!K$2:K$62) -> 0.0049840274 | C2: =_xlfn.STDEV.S(Excess_Returns!K2:K62) -> 0.062855963 | E2: =SLOPE(Excess_Returns!$K$3:$K$63, Excess_Returns!$B$3:$B$63) -> 0.39080197 | F2: 0.1 | H2: Column 1 | J2: AAPL.US | K2: MSFT.US | L2: GOOGL.US | M2: NVDA.US | N2: META.US | O2: JNJ.US | P2: PFE.US | Q2: UNH.US | R2: MRK.US | S2: ABBV.US | T2: XOM.US | U2: CVX.US | V2: COP.US | W2: SLB.US | X2: OXY.US | Y2: AMZN.US | Z2: TSLA.US | AA2: NKE.US | AB2: HD.US | AC2: MCD.US
A3: JNJ.US | B3: =AVERAGE(Excess_Returns!H$2:H$62) -> 0.002481011 | C3: =_xlfn.STDEV.S(Excess_Returns!H2:H62) -> 0.050403689 | E3: =SLOPE(Excess_Returns!$H$3:$H$63, Excess_Returns!$B$3:$B$63) -> 0.50743489 | F3: 0.1 | H3: Column 2 | I3: AAPL.US | J3: =VARP(Excess_Returns!$C$2:$C$62) -> 0.0069697777
A4: ABBV.US | B4: =AVERAGE(Excess_Returns!L$2:L$62) -> 0.015017195 | C4: =_xlfn.STDEV.S(Excess_Returns!L2:L62) -> 0.070640958 | E4: =SLOPE(Excess_Returns!$L$3:$L$63, Excess_Returns!$B$3:$B$63) -> 0.58507088 | F4: 0.1 | H4: Column 3 | I4: MSFT.US | J4: 0.0037194058 | K4: =VARP(Excess_Returns!$D$2:$D$62) -> 0.0041160895
A5: UNH.US | B5: =AVERAGE(Excess_Returns!J$2:J$62) -> 0.013925248 | C5: =_xlfn.STDEV.S(Excess_Returns!J2:J62) -> 0.05949158 | E5: =SLOPE(Excess_Returns!$J$3:$J$63, Excess_Returns!$B$3:$B$63) -> 0.59241427 | F5: 0.1 | H5: Column 4 | I5: GOOGL.US | J5: 0.003381329 | K5: 0.0032178532 | L5: =VARP(Excess_Returns!$E$2:$E$62) -> 0.0058221059
A6: PFE.US | B6: =AVERAGE(Excess_Returns!I$2:I$62) -> -0.0036473317 | C6: =_xlfn.STDEV.S(Excess_Returns!I2:I62) -> 0.079301851 | E6: =SLOPE(Excess_Returns!$I$3:$I$63, Excess_Returns!$B$3:$B$63) -> 0.61151017 | F6: 0.1 | H6: Column 5 | I6: NVDA.US | J6: 0.0062444998 | K6: 0.0058232962 | L6: 0.0061261089 | M6: =VARP(Excess_Returns!$F$2:$F$62) -> 0.020155441
A7: MCD.US | B7: =AVERAGE(Excess_Returns!V$2:V$62) -> 0.0076791872 | C7: =_xlfn.STDEV.S(Excess_Returns!V2:V62) -> 0.056323978 | E7: =SLOPE(Excess_Returns!$V$3:$V$63, Excess_Returns!$B$3:$B$63) -> 0.73799582 | F7: 0.1 | H7: Column 6 | I7: META.US | J7: 0.0038698756 | K7: 0.0041197836 | L7: 0.0040491452 | M7: 0.0088121586 | N7: =VARP(Excess_Returns!$G$2:$G$62) -> 0.013747151
A8: XOM.US | B8: =AVERAGE(Excess_Returns!M$2:M$62) -> 0.0147693 | C8: =_xlfn.STDEV.S(Excess_Returns!M2:M62) -> 0.098390262 | E8: =SLOPE(Excess_Returns!$M$3:$M$63, Excess_Returns!$B$3:$B$63) -> 0.89516552 | F8: 0.1 | H8: Column 7 | I8: JNJ.US | J8: 0.0017245379 | K8: 0.0009943975 | L8: 0.00064522346 | M8: -6.9139279e-05 | N8: 0.0011203529 | O8: =VARP(Excess_Returns!$H$2:$H$62) -> 0.0024981897
A9: MSFT.US | B9: =AVERAGE(Excess_Returns!D$2:D$62) -> 0.018018304 | C9: =_xlfn.STDEV.S(Excess_Returns!D2:D62) -> 0.064698174 | E9: =SLOPE(Excess_Returns!$D$3:$D$63, Excess_Returns!$B$3:$B$63) -> 0.89998839 | F9: 0.1 | H9: Column 8 | I9: PFE.US | J9: 0.0022541027 | K9: 0.0011424351 | L9: 0.0015964456 | M9: 0.0023546334 | N9: 0.0017445668 | O9: 0.002163144 | P9: =VARP(Excess_Returns!$I$2:$I$62) -> 0.0061839705
A10: GOOGL.US | B10: =AVERAGE(Excess_Returns!E$2:E$62) -> 0.016917832 | C10: =_xlfn.STDEV.S(Excess_Returns!E2:E62) -> 0.076946642 | E10: =SLOPE(Excess_Returns!$E$3:$E$63, Excess_Returns!$B$3:$B$63) -> 1.0144784 | F10: 0.1 | H10: Column 9 | I10: UNH.US | J10: 0.0018997141 | K10: 0.0013175471 | L10: 0.0011841455 | M10: -3.0610409e-05 | N10: 0.00030004695 | O10: 0.0017292998 | P10: 0.0021592127 | Q10: =VARP(Excess_Returns!$J$2:$J$62) -> 0.0034802606
A11: NKE.US | B11: =AVERAGE(Excess_Returns!T$2:T$62) -> -0.00036677157 | C11: =_xlfn.STDEV.S(Excess_Returns!T2:T62) -> 0.090408619 | E11: =SLOPE(Excess_Returns!$T$3:$T$63, Excess_Returns!$B$3:$B$63) -> 1.0284396 | F11: 0.1 | H11: Column 10 | I11: MRK.US | J11: 0.000707263 | K11: 0.0010346507 | L11: -4.9557672e-05 | M11: 0.00036658041 | N11: 0.00048474088 | O11: 0.0015239674 | P11: 0.00063729811 | Q11: 0.0012798048 | R11: =VARP(Excess_Returns!$K$2:$K$62) -> 0.0038850242
F12: =SUM(F2:F11) -> 1 | H12: Column 11 | I12: ABBV.US | J12: 0.0011015352 | K12: 0.00097883976 | L12: 0.0014019306 | M12: 0.0017630673 | N12: 0.0012952312 | O12: 0.0016371797 | P12: 0.0020136955 | Q12: 0.0017736849 | R12: 0.0010326644 | S12: =VARP(Excess_Returns!$L$2:$L$62) -> 0.0049069759
H13: Column 12 | I13: XOM.US | J13: 0.0015895422 | K13: 0.00078345538 | L13: 0.0018234878 | M13: 5.0477484e-05 | N13: -0.00034699592 | O13: 0.0016998276 | P13: 0.00088699611 | Q13: 0.0017773164 | R13: 0.0023465011 | S13: 0.0023050914 | T13: =VARP(Excess_Returns!$M$2:$M$62) -> 0.0095192995
H14: Column 13 | I14: CVX.US | J14: 0.0022817585 | K14: 0.0013386719 | L14: 0.0025990837 | M14: 0.0016779213 | N14: 0.00010704137 | O14: 0.0019125077 | P14: 0.0020643024 | Q14: 0.0025676884 | R14: 0.0020787389 | S14: 0.0031610192 | T14: 0.0083403795 | U14: =VARP(Excess_Returns!$N$2:$N$62) -> 0.0092390027
H15: Column 14 | I15: COP.US | J15: 0.0019686424 | K15: 0.0011054121 | L15: 0.0030030494 | M15: 0.00071952335 | N15: 0.00030031167 | O15: 0.0020054431 | P15: 0.0012416954 | Q15: 0.0023036945 | R15: 0.002248554 | S15: 0.003173018 | T15: 0.010808984 | U15: 0.010484757 | V15: =VARP(Excess_Returns!$O$2:$O$62) -> 0.016118962
H16: Column 15 | I16: SLB.US | J16: 0.0030878864 | K16: 0.0010708298 | L16: 0.002873441 | M16: 0.001473375 | N16: 0.0004437106 | O16: 0.0026999413 | P16: 0.0018131 | Q16: 0.002919986 | R16: 0.003180894 | S16: 0.0045610846 | T16: 0.012277625 | U16: 0.01176902 | V16: 0.016206612 | W16: =VARP(Excess_Returns!$P$2:$P$62) -> 0.02094698
H17: Column 16 | I17: OXY.US | J17: 0.0035709804 | K17: 0.0028449495 | L17: 0.004197953 | M17: 0.00069013063 | N17: 0.00050620297 | O17: 0.0021793603 | P17: 0.00070975969 | Q17: 0.0025109185 | R17: 0.0023339111 | S17: 0.0052509656 | T17: 0.014619649 | U17: 0.014199755 | V17: 0.020319565 | W17: 0.02071453 | X17: =VARP(Excess_Returns!$Q$2:$Q$62) -> 0.036025561
F18: Low Beta Portfolio Excess Return | G18: =SUMPRODUCT($F$2:$F$11,$B$2:$B$11) -> 0.0089778001 | H18: Column 17 | I18: AMZN.US | J18: 0.0053703929 | K18: 0.0040586643 | L18: 0.0043867221 | M18: 0.0082121473 | N18: 0.005139448 | O18: 0.00042191941 | P18: 0.00093171842 | Q18: 0.00092346313 | R18: -0.0004614135 | S18: -0.00027187455 | T18: 0.00053520677 | U18: 0.0015932112 | V18: 0.0014526453 | W18: 0.00060189729 | X18: 0.0033787445 | Y18: =VARP(Excess_Returns!$R$2:$R$62) -> 0.0088053595
H19: Column 18 | I19: TSLA.US | J19: 0.012905495 | K19: 0.0074405975 | L19: 0.007454162 | M19: 0.012625556 | N19: 0.0079526772 | O19: 0.0024884432 | P19: 0.0015679518 | Q19: 0.0032163931 | R19: 3.7145315e-06 | S19: 0.0006774302 | T19: 0.0017326321 | U19: 0.0047279576 | V19: 0.0045434689 | W19: 0.0054075858 | X19: 0.01100607 | Y19: 0.01336487 | Z19: =VARP(Excess_Returns!$S$2:$S$62) -> 0.048896404
F20: Low Beta Portfolio Variance | G20: =SUMPRODUCT( F2:F11, MMULT(Stats!$L$3:$U$12, F2:F11) ) -> 0.0022574224 | H20: Column 19 | I20: NKE.US | J20: 0.0035239312 | K20: 0.0028379482 | L20: 0.0018056627 | M20: 0.0045840338 | N20: 0.0033722649 | O20: 0.0015082438 | P20: 0.0016271884 | Q20: 0.0019704223 | R20: 0.0018582511 | S20: 0.0014095092 | T20: 0.0019859982 | U20: 0.0025722938 | V20: 0.002474384 | W20: 0.0036675173 | X20: 0.002143875 | Y20: 0.0019117077 | Z20: 0.0053536185 | AA20: =VARP(Excess_Returns!$T$2:$T$62) -> 0.0080374898
F21: Low Beta Portfolio Volatility | G21: =SQRT(G20) -> 0.047512339 | H21: Column 20 | I21: HD.US | J21: 0.0030667104 | K21: 0.0023240788 | L21: 0.0020595649 | M21: 0.0037893177 | N21: 0.00396437 | O21: 0.0016694422 | P21: 0.0026188975 | Q21: 0.0018708889 | R21: 0.0012209554 | S21: 0.001382625 | T21: 0.0016928304 | U21: 0.002611273 | V21: 0.0023353141 | W21: 0.0033394981 | X21: 0.0017881335 | Y21: 0.0027341997 | Z21: 0.0067290465 | AA21: 0.0032641912 | AB21: =VARP(Excess_Returns!$U$2:$U$62) -> 0.0052959179
H22: Column 21 | I22: MCD.US | J22: 0.0027064755 | K22: 0.0014638067 | L22: 0.0014255172 | M22: 0.0011746562 | N22: 0.001607641 | O22: 0.0016267806 | P22: 0.0016398923 | Q22: 0.0015808778 | R22: 0.0013088465 | S22: 0.00091783572 | T22: 0.0020567125 | U22: 0.002352194 | V22: 0.002528764 | W22: 0.0031701517 | X22: 0.002602226 | Y22: 0.0013673103 | Z22: 0.004486987 | AA22: 0.0027450016 | AB22: 0.0027044661 | AC22: =VARP(Excess_Returns!$V$2:$V$62) -> 0.0031195173
F23: Sharpe | G23: =G18/G21 -> 0.18895723

Sheet MV_NoShortSelling
A1: Asset | B1: Expected Excess Return | AB1: =SUM(#REF!,) -> #REF!
A2: AAPL.US | B2: =Stats!B3 -> 0.023225347
A3: MSFT.US | B3: =Stats!B4 -> 0.018018304
A4: GOOGL.US | B4: =Stats!B5 -> 0.016917832
A5: NVDA.US | B5: =Stats!B6 -> 0.063391183
A6: META.US | B6: =Stats!B7 -> 0.022760691
A7: JNJ.US | B7: =Stats!B8 -> 0.002481011
A8: PFE.US | B8: =Stats!B9 -> -0.0036473317
A9: UNH.US | B9: =Stats!B10 -> 0.013925248
A10: MRK.US | B10: =Stats!B11 -> 0.0049840274 | E10: Frontier Point | F10: Excess Return | G10: Target Excess Return | H10: Return Error | I10: Variance | J10: Volatilty | K10: Sharpe | L10: Weight AAPL.US | M10: Weight MSFT.US | N10: Weight GOOGL.US | O10: Weight NVDA.US | P10: Weight META.US | Q10: Weight JNJ.US | R10: Weight PFE.US | S10: Wight UNH.US | T10: Weight MRK.US | U10: Weight ABBV.US | V10: Weight XOM.US | W10: Weight CVX.US | X10: Weight COP.US | Y10: Weight SLB.US | Z10: Weight OXY.US | AA10: Weight AMZN.US | AB10: Weight TSLA.US | AC10: Weight NKE.US | AD10: Weight HD.US | AE10: Weight MCD.US | AF10: Sum Of Weights
A11: ABBV.US | B11: =Stats!B12 -> 0.015017195 | E11: 1 | F11: 0.002 | G11: 0.002 | H11: =F11-G11 -> 0 | I11: 0.0019277806 | J11: 0.043906498 | K11: =F11/J11 -> 0.045551344 | L11: 0 | M11: 0 | N11: 0.00674 | O11: 0 | P11: 0 | Q11: 0.422 | R11: 0.174 | S11: 0 | T11: 0.237 | U11: 0 | V11: 0 | W11: 0 | X11: 0 | Y11: 0 | Z11: 0 | AA11: 0.0757 | AB11: 0 | AC11: 0.0735 | AD11: 0 | AE11: 0.0107 | AF11: =SUM(L11:AE11) -> 0.99964
A12: XOM.US | B12: =Stats!B13 -> 0.0147693 | E12: 2 | F12: 0.003 | G12: 0.003 | H12: =F12-G12 -> -4.5001136e-11 | I12: 0.0019381873 | J12: 0.044024849 | K12: =F12/J12 -> 0.068143333 | L12: 0 | M12: 0.00091666135 | N12: 0.046820453 | O12: 0 | P12: 0.00025635016 | Q12: 0.43602263 | R12: 0.17011496 | S12: 0 | T12: 0.22991537 | U12: 0 | V12: 0 | W12: 0 | X12: 0 | Y12: 0 | Z12: 0 | AA12: 0.03706325 | AB12: 0 | AC12: 0.078504495 | AD12: 0 | AE12: 0.00038585821 | AF12: =SUM(L12:AE12) -> 1
A13: CVX.US | B13: =Stats!B14 -> 0.010201658 | E13: 3 | F13: 0.0040000023 | G13: 0.004 | H13: =F13-G13 -> 2.2667366e-09 | I13: 0.0018185792 | J13: 0.042644803 | K13: =F13/J13 -> 0.093798118 | L13: 0 | M13: 0 | N13: 0.040298181 | O13: 0 | P13: 0 | Q13: 0.40176305 | R13: 0.14214892 | S13: 0 | T13: 0.24427614 | U13: 0 | V13: 0 | W13: 0 | X13: 0 | Y13: 0 | Z13: 0 | AA13: 0.080370544 | AB13: 0 | AC13: 0.048168586 | AD13: 0 | AE13: 0.042974605 | AF13: =SUM(L13:AE13) -> 1
A14: COP.US | B14: =Stats!B15 -> 0.017545654 | E14: 4 | F14: 0.005 | G14: 0.005 | H14: =F14-G14 -> 2.9951986e-11 | I14: 0.0017407258 | J14: 0.041722006 | K14: =F14/J14 -> 0.11984083 | L14: 0 | M14: 0 | N14: 0.073655366 | O14: 0 | P14: 0 | Q14: 0.3811257 | R14: 0.11054827 | S14: 0 | T14: 0.25140069 | U14: 0.00025372464 | V14: 0 | W14: 0 | X14: 0 | Y14: 0 | Z14: 0 | AA14: 0.085041069 | AB14: 0 | AC14: 0.022852384 | AD14: 0 | AE14: 0.075122792 | AF14: =SUM(L14:AE14) -> 1
A15: SLB.US | B15: =Stats!B16 -> 0.013419479 | E15: 5 | F15: 0.006 | G15: 0.006 | H15: =F15-G15 -> -2.6132317e-12 | I15: 0.001692711 | J15: 0.041142569 | K15: =F15/J15 -> 0.14583435 | L15: 0 | M15: 0 | N15: 0.098745555 | O15: 0 | P15: 0 | Q15: 0.35564914 | R15: 0.082588277 | S15: 0.020576571 | T15: 0.25443608 | U15: 0.00027072414 | V15: 0 | W15: 0 | X15: 0 | Y15: 0 | Z15: 0 | AA15: 0.087891293 | AB15: 0 | AC15: 0.0012217058 | AD15: 0 | AE15: 0.098620653 | AF15: =SUM(L15:AE15) -> 1
A16: OXY.US | B16: =Stats!B17 -> 0.022271314 | E16: 6 | F16: 0.0070000038 | G16: 0.007 | H16: =F16-G16 -> 3.8268793e-09 | I16: 0.0016340023 | J16: 0.040422795 | K16: =F16/J16 -> 0.17316971 | L16: 0 | M16: 0 | N16: 0.070870823 | O16: 0 | P16: 0 | Q16: 0.29586507 | R16: 0.068089032 | S16: 0.0098365986 | T16: 0.24544467 | U16: 0.089767795 | V16: 0 | W16: 0 | X16: 0 | Y16: 0 | Z16: 0 | AA16: 0.10631278 | AB16: 0 | AC16: 0 | AD16: 0 | AE16: 0.11381323 | AF16: =SUM(L16:AE16) -> 0.99999999
A17: AMZN.US | B17: =Stats!B18 -> 0.016300848 | E17: 7 | F17: 0.0080000028 | G17: 0.008 | H17: =F17-G17 -> 2.8465191e-09 | I17: 0.0016118703 | J17: 0.040148105 | K17: =F17/J17 -> 0.19926228 | L17: 0 | M17: 0 | N17: 0.077813388 | O17: 0 | P17: 0 | Q17: 0.2567031 | R17: 0.041730045 | S17: 0.044600167 | T17: 0.23821376 | U17: 0.11119059 | V17: 0 | W17: 0 | X17: 0 | Y17: 0 | Z17: 0 | AA17: 0.11094161 | AB17: 0 | AC17: 0 | AD17: 0 | AE17: 0.11880734 | AF17: =SUM(L17:AE17) -> 0.99999999
A18: TSLA.US | B18: =Stats!B19 -> 0.066524749 | E18: 8 | F18: 0.009 | G18: 0.009 | H18: =F18-G18 -> 0 | I18: 0.0016077964 | J18: 0.040097337 | K18: =F18/J18 -> 0.22445381 | L18: 0 | M18: 0 | N18: 0.084755891 | O18: 0 | P18: 0 | Q18: 0.21754055 | R18: 0.015371424 | S18: 0.079363868 | T18: 0.23098298 | U18: 0.13261331 | V18: 0 | W18: 0 | X18: 0 | Y18: 0 | Z18: 0 | AA18: 0.11557043 | AB18: 0 | AC18: 0 | AD18: 0 | AE18: 0.12380156 | AF18: =SUM(L18:AE18) -> 1
A19: NKE.US | B19: =Stats!B20 -> -0.00036677157 | E19: 9 | F19: 0.01 | G19: 0.01 | H19: =F19-G19 -> 0 | I19: 0.0016211439 | J19: 0.040263431 | K19: =F19/J19 -> 0.24836433 | L19: 0 | M19: 0.0074684595 | N19: 0.085158015 | O19: 0.0052474154 | P19: 0 | Q19: 0.18476402 | R19: 0 | S19: 0.10868918 | T19: 0.22255012 | U19: 0.14616779 | V19: 0 | W19: 0 | X19: 0 | Y19: 0 | Z19: 0 | AA19: 0.11288908 | AB19: 0 | AC19: 0 | AD19: 0 | AE19: 0.12706593 | AF19: =SUM(L19:AE19) -> 1
A20: HD.US | B20: =Stats!B21 -> 0.013007073 | E20: 10 | F20: 0.011 | G20: 0.011 | H20: =F20-G20 -> 0 | I20: 0.0016444548 | J20: 0.040551877 | K20: =F20/J20 -> 0.27125748 | L20: 0 | M20: 0.010873034 | N20: 0.077993041 | O20: 0.021466694 | P20: 0 | Q20: 0.16959494 | R20: 0 | S20: 0.12992963 | T20: 0.21487738 | U20: 0.14546804 | V20: 0 | W20: 0 | X20: 0 | Y20: 0 | Z20: 0 | AA20: 0.1013276 | AB20: 0 | AC20: 0 | AD20: 0 | AE20: 0.12846964 | AF20: =SUM(L20:AE20) -> 1
A21: MCD.US | B21: =Stats!B22 -> 0.0076791872 | E21: 11 | F21: 0.012000002 | G21: 0.012 | H21: =F21-G21 -> 1.7929335e-09 | I21: 0.0016752483 | J21: 0.040929798 | K21: =F21/J21 -> 0.29318498 | L21: 0 | M21: 0.011152506 | N21: 0.071107833 | O21: 0.038162102 | P21: 0 | Q21: 0.15517656 | R21: 0 | S21: 0.1515827 | T21: 0.2077866 | U21: 0.14462421 | V21: 0 | W21: 0 | X21: 0 | Y21: 0 | Z21: 0 | AA21: 0.090595712 | AB21: 0 | AC21: 0 | AD21: 0 | AE21: 0.12981178 | AF21: =SUM(L21:AE21) -> 1
A22: Sum of Weights | E22: 12 | F22: 0.013000009 | G22: 0.013 | H22: =F22-G22 -> 9.4458419e-09 | I22: 0.0017135306 | J22: 0.041394814 | K22: =F22/J22 -> 0.31404923 | L22: 0 | M22: 0.011091481 | N22: 0.065391187 | O22: 0.054932443 | P22: 0 | Q22: 0.14060026 | R22: 0 | S22: 0.17259773 | T22: 0.20070432 | U22: 0.14360736 | V22: 0 | W22: 0 | X22: 0 | Y22: 0 | Z22: 0 | AA22: 0.079053376 | AB22: 0 | AC22: 0 | AD22: 0 | AE22: 0.13202184 | AF22: =SUM(L22:AE22) -> 1
E23: 13 | F23: 0.014000011 | G23: 0.014 | H23: =F23-G23 -> 1.0786207e-08 | I23: 0.001759311 | J23: 0.041944142 | K23: =F23/J23 -> 0.3337775 | L23: 0 | M23: 0.010975047 | N23: 0.059851216 | O23: 0.071359221 | P23: 0 | Q23: 0.1249732 | R23: 0 | S23: 0.19515338 | T23: 0.1949424 | U23: 0.14219611 | V23: 0.00022416855 | W23: 0 | X23: 0 | Y23: 0 | Z23: 0 | AA23: 0.068421937 | AB23: 0 | AC23: 0 | AD23: 0 | AE23: 0.13190332 | AF23: =SUM(L23:AE23) -> 1
E24: 14 | F24: 0.015 | G24: 0.015 | H24: =F24-G24 -> 0 | I24: 0.0018125462 | J24: 0.042574008 | K24: =F24/J24 -> 0.35232764 | L24: 0 | M24: 0.010777948 | N24: 0.053525956 | O24: 0.088302538 | P24: 0 | Q24: 0.11169973 | R24: 0 | S24: 0.21604683 | T24: 0.18684308 | U24: 0.14145482 | V24: 0.00022436359 | W24: 0 | X24: 0 | Y24: 0 | Z24: 0 | AA24: 0.05689603 | AB24: 0 | AC24: 0 | AD24: 0 | AE24: 0.1342287 | AF24: =SUM(L24:AE24) -> 1
E25: 15 | F25: 0.016 | G25: 0.016 | H25: =F25-G25 -> 0 | I25: 0.001873274 | J25: 0.043281335 | K25: =F25/J25 -> 0.36967436 | L25: 0 | M25: 0.010479783 | N25: 0.046916158 | O25: 0.1051521 | P25: 0 | Q25: 0.098006751 | R25: 0 | S25: 0.23785099 | T25: 0.17943208 | U25: 0.14003131 | V25: 0.00022485406 | W25: 0 | X25: 0 | Y25: 0 | Z25: 0 | AA25: 0.046286188 | AB25: 0 | AC25: 0 | AD25: 0 | AE25: 0.13561979 | AF25: =SUM(L25:AE25) -> 1
E26: 16 | F26: 0.017 | G26: 0.017 | H26: =F26-G26 -> 0 | I26: 0.0019414895 | J26: 0.044062337 | K26: =F26/J26 -> 0.38581703 | L26: 0 | M26: 0.010116192 | N26: 0.040161253 | O26: 0.12180626 | P26: 0 | Q26: 0.082920118 | R26: 0 | S26: 0.25954455 | T26: 0.17278198 | U26: 0.13968184 | V26: 0.00022553938 | W26: 0 | X26: 0 | Y26: 0 | Z26: 0 | AA26: 0.035736362 | AB26: 0 | AC26: 0 | AD26: 0 | AE26: 0.13702591 | AF26: =SUM(L26:AE26) -> 1
E27: 17 | F27: 0.018 | G27: 0.018 | H27: =F27-G27 -> 0 | I27: 0.002016969 | J27: 0.044910678 | K27: =F27/J27 -> 0.40079555 | L27: 0 | M27: 0 | N27: 0.035376918 | O27: 0.13987001 | P27: 0 | Q27: 0.070024751 | R27: 0 | S27: 0.28219978 | T27: 0.16762451 | U27: 0.13860601 | V27: 0.00028507247 | W27: 0 | X27: 0 | Y27: 0 | Z27: 0 | AA27: 0.027323781 | AB27: 0 | AC27: 0 | AD27: 0 | AE27: 0.13868917 | AF27: =SUM(L27:AE27) -> 1
E28: 18 | F28: 0.019 | G28: 0.019 | H28: =F28-G28 -> 0 | I28: 0.0021001392 | J28: 0.045827276 | K28: =F28/J28 -> 0.41460025 | L28: 0 | M28: 0 | N28: 0.028715162 | O28: 0.15669767 | P28: 0 | Q28: 0.056286102 | R28: 0 | S28: 0.30384154 | T28: 0.16035624 | U28: 0.13751052 | V28: 0.00029556529 | W28: 0 | X28: 0 | Y28: 0 | Z28: 0 | AA28: 0.016401799 | AB28: 0 | AC28: 0 | AD28: 0 | AE28: 0.1398954 | AF28: =SUM(L28:AE28) -> 1
E29: 19 | F29: 0.02 | G29: 0.02 | H29: =F29-G29 -> 0 | I29: 0.0021814365 | J29: 0.046705851 | K29: =F29/J29 -> 0.42821188 | L29: 0 | M29: 0.0030896348 | N29: 0.015253609 | O29: 0.17131404 | P29: 0 | Q29: 0.049407668 | R29: 0 | S29: 0.31708223 | T29: 0.14260792 | U29: 0.12956506 | V29: 0.029012027 | W29: 0 | X29: 0 | Y29: 0 | Z29: 0 | AA29: 0.0085385949 | AB29: 0.00058287932 | AC29: 0 | AD29: 0 | AE29: 0.13354634 | AF29: =SUM(L29:AE29) -> 1
E30: 20 | F30: 0.021 | G30: 0.021 | H30: =F30-G30 -> 0 | I30: 0.0022762623 | J30: 0.047710191 | K30: =F30/J30 -> 0.44015754 | L30: 0 | M30: 0.003020144 | N30: 0.012233252 | O30: 0.18483584 | P30: 0.00035499447 | Q30: 0.034325095 | R30: 0 | S30: 0.33702052 | T30: 0.13375799 | U30: 0.12194361 | V30: 0.044884207 | W30: 0 | X30: 0 | Y30: 0 | Z30: 0 | AA30: 0.0069129187 | AB30: 0.00059238405 | AC30: 0 | AD30: 0 | AE30: 0.12011905 | AF30: =SUM(L30:AE30) -> 1
C39: Efficient Frontier – No Short Selling
C40: Portfolios obtained via mean–variance optimisation (61 monthly returns, Nov 2019–Nov 2024)

Sheet MV_RestrictedSelling
A1: Asset | B1: Expected Excess Return | C1: Weight | E1: Target Excess Return | F1: Target Excess Return | G1: Expected Return | H1: Volatility | I1: Sharpe | K1: Tangency Target (Restricted) | L1: Tangency Volatility | M1: Tangenecy Weights
A2: AAPL.US | B2: =Stats!B3 -> 0.023225347 | C2: -0.1 | E2: 0.002 | F2: 0.002 | G2: 0.002 | H2: 0.047244123 | I2: =G2/H2 -> 0.042333308 | K2: =E21 -> 0.021 | L2: 0.054208849 | M2: 0.049784245
A3: MSFT.US | B3: =Stats!B4 -> 0.018018304 | C3: 0.067874967 | E3: 0.003 | F3: 0.003 | G3: 0.003 | H3: 0.046474515 | I3: =G3/H3 -> 0.064551507 | M3: 0.10870009
A4: GOOGL.US | B4: =Stats!B5 -> 0.016917832 | C4: 0.0042434495 | E4: 0.004 | F4: 0.004 | G4: 0.004 | H4: 0.045824668 | I4: =G4/H4 -> 0.087289231 | M4: 0.044112298
A5: NVDA.US | B5: =Stats!B6 -> 0.063391183 | C5: 0.14582014 | E5: 0.005 | F5: 0.005 | G5: 0.005 | H5: 0.045299742 | I5: =G5/H5 -> 0.11037591 | M5: 0.10839611
A6: META.US | B6: =Stats!B7 -> 0.022760691 | C6: 0.0022021894 | E6: 0.006 | F6: 0.006 | G6: 0.006 | H6: 0.044904104 | I6: =G6/H6 -> 0.13361808 | M6: 0.032760788
A7: JNJ.US | B7: =Stats!B8 -> 0.002481011 | C7: 0.13827162 | E7: 0.007 | F7: 0.007 | G7: 0.007 | H7: 0.044641201 | I7: =G7/H7 -> 0.15680582 | M7: 0.12170599
A8: PFE.US | B8: =Stats!B9 -> -0.0036473317 | C8: -0.1 | E8: 0.008 | F8: 0.008 | G8: 0.008 | H8: 0.044513382 | I8: =G8/H8 -> 0.17972123 | M8: -0.06033574
A9: UNH.US | B9: =Stats!B10 -> 0.013925248 | C9: 0.3 | E9: 0.009 | F9: 0.009 | G9: 0.009 | H9: 0.044521811 | I9: =G9/H9 -> 0.20214811 | M9: 0.20504227
A10: MRK.US | B10: =Stats!B11 -> 0.0049840274 | C10: 0.091117143 | E10: 0.01 | F10: 0.01 | G10: 0.01 | H10: 0.044666411 | I10: =G10/H10 -> 0.22388188 | M10: 0.11504073
A11: ABBV.US | B11: =Stats!B12 -> 0.015017195 | C11: 0.22072243 | E11: 0.011 | F11: 0.011 | G11: 0.011 | H11: 0.044945868 | I11: =G11/H11 -> 0.24473885 | M11: 0.14500337
A12: XOM.US | B12: =Stats!B13 -> 0.0147693 | C12: 0.28367969 | E12: 0.012 | F12: 0.012 | G12: 0.012 | H12: 0.045357732 | I12: =G12/H12 -> 0.26456349 | M12: 0.055734069
A13: CVX.US | B13: =Stats!B14 -> 0.010201658 | C13: -0.1 | E13: 0.013 | F13: 0.013 | G13: 0.013 | H13: 0.045898353 | I13: =G13/H13 -> 0.28323456 | M13: -0.0046906795
A14: COP.US | B14: =Stats!B15 -> 0.017545654 | C14: 0.031201287 | E14: 0.014 | F14: 0.014 | G14: 0.014 | H14: 0.046563291 | I14: =G14/H14 -> 0.30066604 | M14: 0.021876588
... A21: MCD.US | B21: =Stats!B22 -> 0.0076791872 | C21: 0.28940719 | E21: 0.021 | F21: 0.021 | G21: 0.021 | H21: 0.054208849 | I21: =G21/H21 -> 0.38739063 | M21: 0.10840007
A22: Sum of Weights | C22: =SUM(C2:C21) -> 1 | M22: =SUM(M2:M21) -> 1
C24: Portfolio Excess Return | D24: =SUMPRODUCT($B$2:$B$21,$C$2:$C$21) -> 0.021
C26: Portfolio Variance | D26: {=MMULT(TRANSPOSE($C$2:$C$21),MMULT(Stats!$I$3:$AB$22,$C$2:$C$21))} -> 0.0016351547
C27: Portfolio Volatility | D27: =SQRT($D$26) -> 0.040437047 | F27: Frontier Point | G27: Excess Return | H27: Target Excess Return | I27: Return Error | J27: Variance | K27: Volatilty | L27: Sharpe | M27: Weight AAPL.US | N27: Weight MSFT.US | O27: Weight GOOGL.US | P27: Weight NVDA.US | Q27: Weight META.US | R27: Weight JNJ.US | S27: Weight PFE.US | T27: Weight UNH.US | U27: Weight MRK.US | V27: Weight ABBV.US | W27: Weight XOM.US | X27: Weight CVX.US | Y27: Weight COP.US | Z27: Weight SLB.US | AA27: Weight OXY.US | AB27: Weight AMZN.US | AC27: Weight TSLA.US | AD27: Weight NKE.US | AE27: Weight HD.US | AF27: Weight MCD.US | AG27: Sum Of Weights
F28: 1 | G28: 0.0019999998 | H28: 0.002 | I28: =G28-H28 -> -2.4540625e-10 | J28: 0.0012797487 | K28: 0.035773576 | L28: =G28/K28 -> 0.05590718 | M28: -0.1 | N28: 0.065346662 | O28: 0.089319853 | P28: -0.083073762 | Q28: -0.025971217 | R28: 0.15430285 | S28: 0.077883031 | T28: -0.023231729 | U28: 0.20228591 | V28: 0.24458144 | W28: 0.20430509 | X28: -0.1 | Y28: 0.038618939 | Z28: -0.094904291 | AA28: -0.069773761 | AB28: 0.27535445 | AC28: -0.029081366 | AD28: 0.038633659 | AE28: -0.073569583 | AF28: 0.20897382 | AG28: =SUM(M28:AF28) -> 1
F29: 2 | G29: 0.003 | H29: 0.003 | I29: =G29-H29 -> -7.3174626e-12 | J29: 0.001266771 | K29: 0.035591726 | L29: =G29/K29 -> 0.084289253 | M29: -0.1 | N29: 0.066398183 | O29: 0.083957072 | P29: -0.071715453 | Q29: -0.02420057 | R29: 0.15344351 | S29: 0.069212488 | T29: -0.0080701391 | U29: 0.1963429 | V29: 0.24448144 | W29: 0.2110679 | X29: -0.1 | Y29: 0.041990267 | Z29: -0.1 | AA29: -0.070500158 | AB29: 0.26376325 | AC29: -0.026527125 | AD29: 0.029357373 | AE29: -0.073541697 | AF29: 0.21454075 | AG29: =SUM(M29:AF29) -> 1
F30: 3 | G30: 0.004 | H30: 0.004 | I30: =G30-H30 -> 1.1306066e-11 | J30: 0.0012571648 | K30: 0.035456519 | L30: =G30/K30 -> 0.11281423 | M30: -0.1 | N30: 0.068509984 | O30: 0.078881286 | P30: -0.060142752 | Q30: -0.022575534 | R30: 0.15172173 | S30: 0.060538644 | T30: 0.0086100468 | U30: 0.19092522 | V30: 0.24326023 | W30: 0.21512279 | X30: -0.1 | Y30: 0.041833704 | Z30: -0.1 | AA30: -0.070862993 | AB30: 0.25259726 | AC30: -0.024269839 | AD30: 0.019188599 | AE30: -0.073822674 | AF30: 0.2204843 | AG30: =SUM(M30:AF30) -> 1
F31: 4 | G31: 0.005000004 | H31: 0.005 | I31: =G31-H31 -> 3.9805696e-09 | J31: 0.0012510283 | K31: 0.035369878 | L31: =G31/K31 -> 0.14136334 | M31: -0.1 | N31: 0.07057181 | O31: 0.073713256 | P31: -0.048565135 | Q31: -0.020812013 | R31: 0.15019535 | S31: 0.051790105 | T31: 0.025201134 | U31: 0.18544858 | V31: 0.24204595 | W31: 0.21905897 | X31: -0.1 | Y31: 0.041884947 | Z31: -0.1 | AA31: -0.071279647 | AB31: 0.2414595 | AC31: -0.022022456 | AD31: 0.0090388468 | AE31: -0.074179497 | AF31: 0.22645031 | AG31: =SUM(M31:AF31) -> 1
F32: 5 | G32: 0.006 | H32: 0.006 | I32: =G32-H32 -> 1.5213759e-12 | J32: 0.0012483611 | K32: 0.035332154 | L32: =G32/K32 -> 0.16981699 | M32: -0.1 | N32: 0.072605587 | O32: 0.068545797 | P32: -0.036975067 | Q32: -0.019057078 | R32: 0.14871049 | S32: 0.042999761 | T32: 0.04182569 | U32: 0.17997105 | V32: 0.24082564 | W32: 0.22303277 | X32: -0.1 | Y32: 0.041850321 | Z32: -0.1 | AA32: -0.07165748 | AB32: 0.23031749 | AC32: -0.019792085 | AD32: -0.0011092361 | AE32: -0.07447009 | AF32: 0.23237644 | AG32: =SUM(M32:AF32) -> 1
F33: 6 | G33: 0.007 | H33: 0.007 | I33: =G33-H33 -> 4.9287685e-11 | J33: 0.0012497314 | K33: 0.035351541 | L33: =G33/K33 -> 0.19801117 | M33: -0.1 | N33: 0.067755581 | O33: 0.065322322 | P33: -0.023757148 | Q33: -0.017451647 | R33: 0.14948001 | S33: 0.031936204 | T33: 0.060543741 | U33: 0.17308354 | V33: 0.23920541 | W33: 0.22721919 | X33: -0.1 | Y33: 0.040018248 | Z33: -0.1 | AA33: -0.070830205 | AB33: 0.21887405 | AC33: -0.017158334 | AD33: -0.0011819169 | AE33: -0.075627873 | AF33: 0.23256882 | AG33: =SUM(M33:AF33) -> 1
F34: 7 | G34: 0.008000007 | H34: 0.008 | I34: =G34-H34 -> 6.9775752e-09 | J34: 0.0012534347 | K34: 0.03540388 | L34: =G34/K34 -> 0.22596413 | M34: -0.1 | N34: 0.076778247 | O34: 0.058138759 | P34: -0.013842692 | Q34: -0.015471838 | R34: 0.14558715 | S34: 0.025514722 | T34: 0.075044208 | U34: 0.16901636 | V34: 0.23842252 | W34: 0.23094936 | X34: -0.1 | Y34: 0.041953025 | Z34: -0.1 | AA34: -0.072503211 | AB34: 0.20803861 | AC34: -0.015297736 | AD34: -0.02140622 | AE34: -0.075214677 | AF34: 0.24429342 | AG34: =SUM(M34:AF34) -> 1
F35: 8 | G35: 0.009 | H35: 0.009 | I35: =G35-H35 -> 2.8628343e-11 | J35: 0.0012611758 | K35: 0.035513037 | L35: =G35/K35 -> 0.25342806 | M35: -0.1 | N35: 0.078423024 | O35: 0.053112893 | P35: -0.0022866767 | Q35: -0.013597706 | R35: 0.14389209 | S35: 0.01689021 | T35: 0.091742313 | U35: 0.16373482 | V35: 0.23719177 | W35: 0.23489565 | X35: -0.1 | Y35: 0.041933037 | Z35: -0.1 | AA35: -0.072887079 | AB35: 0.19691106 | AC35: -0.013001315 | AD35: -0.031599973 | AE35: -0.075598916 | AF35: 0.25024479 | AG35: =SUM(M35:AF35) -> 1
F36: 9 | G36: 0.010000009 | H36: 0.01 | I36: =G36-H36 -> 8.9685769e-09 | J36: 0.0012723855 | K36: 0.035670513 | L36: =G36/K36 -> 0.28034385 | M36: -0.1 | N36: 0.080912387 | O36: 0.047767581 | P36: 0.0093070476 | Q36: -0.011919781 | R36: 0.1425191 | S36: 0.0080029717 | T36: 0.10826125 | U36: 0.15806185 | V36: 0.23600414 | W36: 0.23886286 | X36: -0.1 | Y36: 0.042012858 | Z36: -0.1 | AA36: -0.073323598 | AB36: 0.18575944 | AC36: -0.010811583 | AD36: -0.041703695 | AE36: -0.075910948 | AF36: 0.25619812 | AG36: =SUM(M36:AF36) -> 1
F37: 10 | G37: 0.011 | H37: 0.011 | I37: =G37-H37 -> 3.4889073e-11 | J37: 0.0012870647 | K37: 0.035875684 | L37: =G37/K37 -> 0.30661436 | M37: -0.1 | N37: 0.082979441 | O37: 0.042582034 | P37: 0.020882012 | Q37: -0.010143861 | R37: 0.14098581 | S37: -0.00075291057 | T37: 0.12486995 | U37: 0.15258482 | V37: 0.23479435 | W37: 0.24281909 | X37: -0.1 | Y37: 0.04204271 | Z37: -0.1 | AA37: -0.073733468 | AB37: 0.17461968 | AC37: -0.0085685916 | AD37: -0.05185222 | AE37: -0.076258779 | AF37: 0.26214993 | AG37: =SUM(M37:AF37) -> 1
F38: 11 | G38: 0.012 | H38: 0.012 | I38: =G38-H38 -> 3.6011472e-12 | J38: 0.0013054755 | K38: 0.036131364 | L38: =G38/K38 -> 0.33212142 | M38: -0.1 | N38: 0.089027136 | O38: 0.034736098 | P38: 0.031723759 | Q38: -0.0082603621 | R38: 0.13012934 | S38: -0.00077946676 | T38: 0.13942257 | U38: 0.14869391 | V38: 0.23458955 | W38: 0.24915078 | X38: -0.1 | Y38: 0.042999918 | Z38: -0.1 | AA38: -0.075420907 | AB38: 0.16270843 | AC38: -0.0048295758 | AD38: -0.062959314 | AE38: -0.079165856 | AF38: 0.26823399 | AG38: =SUM(M38:AF38) -> 1
F39: 12 | G39: 0.013 | H39: 0.013 | I39: =G39-H39 -> -8.8034458e-12 | J39: 0.0013278256 | K39: 0.036439341 | L39: =G39/K39 -> 0.35675727 | M39: -0.1 | N39: 0.094488851 | O39: 0.02613806 | P39: 0.042481408 | Q39: -0.0038697541 | R39: 0.11867807 | S39: -0.0011823749 | T39: 0.1556685 | U39: 0.14429253 | V39: 0.2340629 | W39: 0.25505607 | X39: -0.1 | Y39: 0.044667551 | Z39: -0.1 | AA39: -0.077116369 | AB39: 0.15102424 | AC39: -0.0016362938 | AD39: -0.074362496 | AE39: -0.08454277 | AF39: 0.27615189 | AG39: =SUM(M39:AF39) -> 1
... F47: 20 | G47: 0.021 | H47: 0.021 | I47: =G47-H47 -> 2.2570383e-12 | J47: 0.0016407147 | K47: 0.040505737 | L47: =G47/K47 -> 0.51844508 | M47: -0.1 | N47: 0.067874967 | O47: 0.0042434495 | P47: 0.14582014 | Q47: 0.0022021894 | R47: 0.13827162 | S47: -0.1 | T47: 0.3 | U47: 0.091117143 | V47: 0.22072243 | W47: 0.28367969 | X47: -0.1 | Y47: 0.031201287 | Z47: -0.1 | AA47: -0.070961843 | AB47: 0.061020941 | AC47: 0.016286013 | AD47: -0.1 | AE47: -0.080885211 | AF47: 0.28940719 | AG47: =SUM(M47:AF47) -> 1

Sheet Sheet2
B2: {=IF(Stats!#REF!<>"", Stats!#REF!, INDEX(Stats!#REF!, COLUMN()-COLUMN($B$2)+1, ROW()-ROW($B$2)+1)) INDEX(Stats!#REF!,COLUMNS($B$2:B2),ROWS($A$2:A2))} -> #REF! | C2: {=IF(Stats!#REF!<>"", Stats!#REF!, INDEX(Stats!#REF!, COLUMN()-COLUMN($B$2)+1, ROW()-ROW($B$2)+1)) INDEX(Stats!#REF!,COLUMNS($B$2:C2),ROWS($A$2:B2))} -> #REF! | D2: {=IF(Stats!#REF!<>"", Stats!#REF!, INDEX(Stats!#REF!, COLUMN()-COLUMN($B$2)+1, ROW()-ROW($B$2)+1)) INDEX(Stats!#REF!,COLUMNS($B$2:D2),ROWS($A$2:C2))} -> #REF! | E2: {=IF(Stats!#REF!<>"", Stats!#REF!, INDEX(Stats!#REF!, COLUMN()-COLUMN($B$2)+1, ROW()-ROW($B$2)+1)) INDEX(Stats!#REF!,COLUMNS($B$2:E2),ROWS($A$2:D2))} -> #REF! | F2: {=IF(Stats!#REF!<>"", Stats!#REF!, INDEX(Stats!#REF!, COLUMN()-COLUMN($B$2)+1, ROW()-ROW($B$2)+1)) INDEX(Stats!#REF!,COLUMNS($B$2:F2),ROWS($A$2:E2))} -> #REF! | G2: {=IF(Stats!#REF!<>"", Stats!#REF!, INDEX(Stats!#REF!, COLUMN()-COLUMN($B$2)+1, ROW()-ROW($B$2)+1)) INDEX(Stats!#REF!,COLUMNS($B$2:G2),ROWS($A$2:F2))} -> #REF! | H2: {=IF(Stats!#REF!<>"", Stats!#REF!, INDEX(Stats!#REF!, COLUMN()-COLUMN($B$2)+1, ROW()-ROW($B$2)+1)) INDEX(Stats!#REF!,COLUMNS($B$2:H2),ROWS($A$2:G2))} -> #REF! | I2: {=IF(Stats!#REF!<>"", Stats!#REF!, INDEX(Stats!#REF!, COLUMN()-COLUMN($B$2)+1, ROW()-ROW($B$2)+1)) INDEX(Stats!#REF!,COLUMNS($B$2:I2),ROWS($A$2:H2))} -> #REF! | ... U2: {=IF(Stats!#REF!<>"", Stats!#REF!, INDEX(Stats!#REF!, COLUMN()-COLUMN($B$2)+1, ROW()-ROW($B$2)+1)) INDEX(Stats!#REF!,COLUMNS($B$2:U2),ROWS($A$2:T2))} -> #REF!
B3: {=IF(Stats!#REF!<>"", Stats!#REF!, INDEX(Stats!#REF!, COLUMN()-COLUMN($B$2)+1, ROW()-ROW($B$2)+1)) INDEX(Stats!#REF!,COLUMNS($B$2:B3),ROWS($A$2:A3))} -> #REF! | C3: {=IF(Stats!#REF!<>"", Stats!#REF!, INDEX(Stats!#REF!, COLUMN()-COLUMN($B$2)+1, ROW()-ROW($B$2)+1)) INDEX(Stats!#REF!,COLUMNS($B$2:C3),ROWS($A$2:B3))} -> #REF! | D3: {=IF(Stats!#REF!<>"", Stats!#REF!, INDEX(Stats!#REF!, COLUMN()-COLUMN($B$2)+1, ROW()-ROW($B$2)+1)) INDEX(Stats!#REF!,COLUMNS($B$2:D3),ROWS($A$2:C3))} -> #REF! | E3: {=IF(Stats!#REF!<>"", Stats!#REF!, INDEX(Stats!#REF!, COLUMN()-COLUMN($B$2)+1, ROW()-ROW($B$2)+1)) INDEX(Stats!#REF!,COLUMNS($B$2:E3),ROWS($A$2:D3))} -> #REF! | F3: {=IF(Stats!#REF!<>"", Stats!#REF!, INDEX(Stats!#REF!, COLUMN()-COLUMN($B$2)+1, ROW()-ROW($B$2)+1)) INDEX(Stats!#REF!,COLUMNS($B$2:F3),ROWS($A$2:E3))} -> #REF! | G3: {=IF(Stats!#REF!<>"", Stats!#REF!, INDEX(Stats!#REF!, COLUMN()-COLUMN($B$2)+1, ROW()-ROW($B$2)+1)) INDEX(Stats!#REF!,COLUMNS($B$2:G3),ROWS($A$2:F3))} -> #REF! | H3: {=IF(Stats!#REF!<>"", Stats!#REF!, INDEX(Stats!#REF!, COLUMN()-COLUMN($B$2)+1, ROW()-ROW($B$2)+1)) INDEX(Stats!#REF!,COLUMNS($B$2:H3),ROWS($A$2:G3))} -> #REF! | I3: {=IF(Stats!#REF!<>"", Stats!#REF!, INDEX(Stats!#REF!, COLUMN()-COLUMN($B$2)+1, ROW()-ROW($B$2)+1)) INDEX(Stats!#REF!,COLUMNS($B$2:I3),ROWS($A$2:H3))} -> #REF! | ... U3: {=IF(Stats!#REF!<>"", Stats!#REF!, INDEX(Stats!#REF!, COLUMN()-COLUMN($B$2)+1, ROW()-ROW($B$2)+1)) INDEX(Stats!#REF!,COLUMNS($B$2:U3),ROWS($A$2:T3))} -> #REF!
B4: {=IF(Stats!#REF!<>"", Stats!#REF!, INDEX(Stats!#REF!, COLUMN()-COLUMN($B$2)+1, ROW()-ROW($B$2)+1)) INDEX(Stats!#REF!,COLUMNS($B$2:B4),ROWS($A$2:A4))} -> #REF! | C4: {=IF(Stats!#REF!<>"", Stats!#REF!, INDEX(Stats!#REF!, COLUMN()-COLUMN($B$2)+1, ROW()-ROW($B$2)+1)) INDEX(Stats!#REF!,COLUMNS($B$2:C4),ROWS($A$2:B4))} -> #REF! | D4: {=IF(Stats!#REF!<>"", Stats!#REF!, INDEX(Stats!#REF!, COLUMN()-COLUMN($B$2)+1, ROW()-ROW($B$2)+1)) INDEX(Stats!#REF!,COLUMNS($B$2:D4),ROWS($A$2:C4))} -> #REF! | E4: {=IF(Stats!#REF!<>"", Stats!#REF!, INDEX(Stats!#REF!, COLUMN()-COLUMN($B$2)+1, ROW()-ROW($B$2)+1)) INDEX(Stats!#REF!,COLUMNS($B$2:E4),ROWS($A$2:D4))} -> #REF! | F4: {=IF(Stats!#REF!<>"", Stats!#REF!, INDEX(Stats!#REF!, COLUMN()-COLUMN($B$2)+1, ROW()-ROW($B$2)+1)) INDEX(Stats!#REF!,COLUMNS($B$2:F4),ROWS($A$2:E4))} -> #REF! | G4: {=IF(Stats!#REF!<>"", Stats!#REF!, INDEX(Stats!#REF!, COLUMN()-COLUMN($B$2)+1, ROW()-ROW($B$2)+1)) INDEX(Stats!#REF!,COLUMNS($B$2:G4),ROWS($A$2:F4))} -> #REF! | H4: {=IF(Stats!#REF!<>"", Stats!#REF!, INDEX(Stats!#REF!, COLUMN()-COLUMN($B$2)+1, ROW()-ROW($B$2)+1)) INDEX(Stats!#REF!,COLUMNS($B$2:H4),ROWS($A$2:G4))} -> #REF! | I4: {=IF(Stats!#REF!<>"", Stats!#REF!, INDEX(Stats!#REF!, COLUMN()-COLUMN($B$2)+1, ROW()-ROW($B$2)+1)) INDEX(Stats!#REF!,COLUMNS($B$2:I4),ROWS($A$2:H4))} -> #REF! | ... U4: {=IF(Stats!#REF!<>"", Stats!#REF!, INDEX(Stats!#REF!, COLUMN()-COLUMN($B$2)+1, ROW()-ROW($B$2)+1)) INDEX(Stats!#REF!,COLUMNS($B$2:U4),ROWS($A$2:T4))} -> #REF!
B5: {=IF(Stats!#REF!<>"", Stats!#REF!, INDEX(Stats!#REF!, COLUMN()-COLUMN($B$2)+1, ROW()-ROW($B$2)+1)) INDEX(Stats!#REF!,COLUMNS($B$2:B5),ROWS($A$2:A5))} -> #REF! | C5: {=IF(Stats!#REF!<>"", Stats!#REF!, INDEX(Stats!#REF!, COLUMN()-COLUMN($B$2)+1, ROW()-ROW($B$2)+1)) INDEX(Stats!#REF!,COLUMNS($B$2:C5),ROWS($A$2:B5))} -> #REF! | D5: {=IF(Stats!#REF!<>"", Stats!#REF!, INDEX(Stats!#REF!, COLUMN()-COLUMN($B$2)+1, ROW()-ROW($B$2)+1)) INDEX(Stats!#REF!,COLUMNS($B$2:D5),ROWS($A$2:C5))} -> #REF! | E5: {=IF(Stats!#REF!<>"", Stats!#REF!, INDEX(Stats!#REF!, COLUMN()-COLUMN($B$2)+1, ROW()-ROW($B$2)+1)) INDEX(Stats!#REF!,COLUMNS($B$2:E5),ROWS($A$2:D5))} -> #REF! | F5: {=IF(Stats!#REF!<>"", Stats!#REF!, INDEX(Stats!#REF!, COLUMN()-COLUMN($B$2)+1, ROW()-ROW($B$2)+1)) INDEX(Stats!#REF!,COLUMNS($B$2:F5),ROWS($A$2:E5))} -> #REF! | G5: {=IF(Stats!#REF!<>"", Stats!#REF!, INDEX(Stats!#REF!, COLUMN()-COLUMN($B$2)+1, ROW()-ROW($B$2)+1)) INDEX(Stats!#REF!,COLUMNS($B$2:G5),ROWS($A$2:F5))} -> #REF! | H5: {=IF(Stats!#REF!<>"", Stats!#REF!, INDEX(Stats!#REF!, COLUMN()-COLUMN($B$2)+1, ROW()-ROW($B$2)+1)) INDEX(Stats!#REF!,COLUMNS($B$2:H5),ROWS($A$2:G5))} -> #REF! | I5: {=IF(Stats!#REF!<>"", Stats!#REF!, INDEX(Stats!#REF!, COLUMN()-COLUMN($B$2)+1, ROW()-ROW($B$2)+1)) INDEX(Stats!#REF!,COLUMNS($B$2:I5),ROWS($A$2:H5))} -> #REF! | ... U5: {=IF(Stats!#REF!<>"", Stats!#REF!, INDEX(Stats!#REF!, COLUMN()-COLUMN($B$2)+1, ROW()-ROW($B$2)+1)) INDEX(Stats!#REF!,COLUMNS($B$2:U5),ROWS($A$2:T5))} -> #REF!
B6: {=IF(Stats!#REF!<>"", Stats!#REF!, INDEX(Stats!#REF!, COLUMN()-COLUMN($B$2)+1, ROW()-ROW($B$2)+1)) INDEX(Stats!#REF!,COLUMNS($B$2:B6),ROWS($A$2:A6))} -> #REF! | C6: {=IF(Stats!#REF!<>"", Stats!#REF!, INDEX(Stats!#REF!, COLUMN()-COLUMN($B$2)+1, ROW()-ROW($B$2)+1)) INDEX(Stats!#REF!,COLUMNS($B$2:C6),ROWS($A$2:B6))} -> #REF! | D6: {=IF(Stats!#REF!<>"", Stats!#REF!, INDEX(Stats!#REF!, COLUMN()-COLUMN($B$2)+1, ROW()-ROW($B$2)+1)) INDEX(Stats!#REF!,COLUMNS($B$2:D6),ROWS($A$2:C6))} -> #REF! | E6: {=IF(Stats!#REF!<>"", Stats!#REF!, INDEX(Stats!#REF!, COLUMN()-COLUMN($B$2)+1, ROW()-ROW($B$2)+1)) INDEX(Stats!#REF!,COLUMNS($B$2:E6),ROWS($A$2:D6))} -> #REF! | F6: {=IF(Stats!#REF!<>"", Stats!#REF!, INDEX(Stats!#REF!, COLUMN()-COLUMN($B$2)+1, ROW()-ROW($B$2)+1)) INDEX(Stats!#REF!,COLUMNS($B$2:F6),ROWS($A$2:E6))} -> #REF! | G6: {=IF(Stats!#REF!<>"", Stats!#REF!, INDEX(Stats!#REF!, COLUMN()-COLUMN($B$2)+1, ROW()-ROW($B$2)+1)) INDEX(Stats!#REF!,COLUMNS($B$2:G6),ROWS($A$2:F6))} -> #REF! | H6: {=IF(Stats!#REF!<>"", Stats!#REF!, INDEX(Stats!#REF!, COLUMN()-COLUMN($B$2)+1, ROW()-ROW($B$2)+1)) INDEX(Stats!#REF!,COLUMNS($B$2:H6),ROWS($A$2:G6))} -> #REF! | I6: {=IF(Stats!#REF!<>"", Stats!#REF!, INDEX(Stats!#REF!, COLUMN()-COLUMN($B$2)+1, ROW()-ROW($B$2)+1)) INDEX(Stats!#REF!,COLUMNS($B$2:I6),ROWS($A$2:H6))} -> #REF! | ... U6: {=IF(Stats!#REF!<>"", Stats!#REF!, INDEX(Stats!#REF!, COLUMN()-COLUMN($B$2)+1, ROW()-ROW($B$2)+1)) INDEX(Stats!#REF!,COLUMNS($B$2:U6),ROWS($A$2:T6))} -> #REF!
B7: {=IF(Stats!#REF!<>"", Stats!#REF!, INDEX(Stats!#REF!, COLUMN()-COLUMN($B$2)+1, ROW()-ROW($B$2)+1)) INDEX(Stats!#REF!,COLUMNS($B$2:B7),ROWS($A$2:A7))} -> #REF! | C7: {=IF(Stats!#REF!<>"", Stats!#REF!, INDEX(Stats!#REF!, COLUMN()-COLUMN($B$2)+1, ROW()-ROW($B$2)+1)) INDEX(Stats!#REF!,COLUMNS($B$2:C7),ROWS($A$2:B7))} -> #REF! | D7: {=IF(Stats!#REF!<>"", Stats!#REF!, INDEX(Stats!#REF!, COLUMN()-COLUMN($B$2)+1, ROW()-ROW($B$2)+1)) INDEX(Stats!#REF!,COLUMNS($B$2:D7),ROWS($A$2:C7))} -> #REF! | E7: {=IF(Stats!#REF!<>"", Stats!#REF!, INDEX(Stats!#REF!, COLUMN()-COLUMN($B$2)+1, ROW()-ROW($B$2)+1)) INDEX(Stats!#REF!,COLUMNS($B$2:E7),ROWS($A$2:D7))} -> #REF! | F7: {=IF(Stats!#REF!<>"", Stats!#REF!, INDEX(Stats!#REF!, COLUMN()-COLUMN($B$2)+1, ROW()-ROW($B$2)+1)) INDEX(Stats!#REF!,COLUMNS($B$2:F7),ROWS($A$2:E7))} -> #REF! | G7: {=IF(Stats!#REF!<>"", Stats!#REF!, INDEX(Stats!#REF!, COLUMN()-COLUMN($B$2)+1, ROW()-ROW($B$2)+1)) INDEX(Stats!#REF!,COLUMNS($B$2:G7),ROWS($A$2:F7))} -> #REF! | H7: {=IF(Stats!#REF!<>"", Stats!#REF!, INDEX(Stats!#REF!, COLUMN()-COLUMN($B$2)+1, ROW()-ROW($B$2)+1)) INDEX(Stats!#REF!,COLUMNS($B$2:H7),ROWS($A$2:G7))} -> #REF! | I7: {=IF(Stats!#REF!<>"", Stats!#REF!, INDEX(Stats!#REF!, COLUMN()-COLUMN($B$2)+1, ROW()-ROW($B$2)+1)) INDEX(Stats!#REF!,COLUMNS($B$2:I7),ROWS($A$2:H7))} -> #REF! | ... U7: {=IF(Stats!#REF!<>"", Stats!#REF!, INDEX(Stats!#REF!, COLUMN()-COLUMN($B$2)+1, ROW()-ROW($B$2)+1)) INDEX(Stats!#REF!,COLUMNS($B$2:U7),ROWS($A$2:T7))} -> #REF!
B8: {=IF(Stats!#REF!<>"", Stats!#REF!, INDEX(Stats!#REF!, COLUMN()-COLUMN($B$2)+1, ROW()-ROW($B$2)+1)) INDEX(Stats!#REF!,COLUMNS($B$2:B8),ROWS($A$2:A8))} -> #REF! | C8: {=IF(Stats!#REF!<>"", Stats!#REF!, INDEX(Stats!#REF!, COLUMN()-COLUMN($B$2)+1, ROW()-ROW($B$2)+1)) INDEX(Stats!#REF!,COLUMNS($B$2:C8),ROWS($A$2:B8))} -> #REF! | D8: {=IF(Stats!#REF!<>"", Stats!#REF!, INDEX(Stats!#REF!, COLUMN()-COLUMN($B$2)+1, ROW()-ROW($B$2)+1)) INDEX(Stats!#REF!,COLUMNS($B$2:D8),ROWS($A$2:C8))} -> #REF! | E8: {=IF(Stats!#REF!<>"", Stats!#REF!, INDEX(Stats!#REF!, COLUMN()-COLUMN($B$2)+1, ROW()-ROW($B$2)+1)) INDEX(Stats!#REF!,COLUMNS($B$2:E8),ROWS($A$2:D8))} -> #REF! | F8: {=IF(Stats!#REF!<>"", Stats!#REF!, INDEX(Stats!#REF!, COLUMN()-COLUMN($B$2)+1, ROW()-ROW($B$2)+1)) INDEX(Stats!#REF!,COLUMNS($B$2:F8),ROWS($A$2:E8))} -> #REF! | G8: {=IF(Stats!#REF!<>"", Stats!#REF!, INDEX(Stats!#REF!, COLUMN()-COLUMN($B$2)+1, ROW()-ROW($B$2)+1)) INDEX(Stats!#REF!,COLUMNS($B$2:G8),ROWS($A$2:F8))} -> #REF! | H8: {=IF(Stats!#REF!<>"", Stats!#REF!, INDEX(Stats!#REF!, COLUMN()-COLUMN($B$2)+1, ROW()-ROW($B$2)+1)) INDEX(Stats!#REF!,COLUMNS($B$2:H8),ROWS($A$2:G8))} -> #REF! | I8: {=IF(Stats!#REF!<>"", Stats!#REF!, INDEX(Stats!#REF!, COLUMN()-COLUMN($B$2)+1, ROW()-ROW($B$2)+1)) INDEX(Stats!#REF!,COLUMNS($B$2:I8),ROWS($A$2:H8))} -> #REF! | ... U8: {=IF(Stats!#REF!<>"", Stats!#REF!, INDEX(Stats!#REF!, COLUMN()-COLUMN($B$2)+1, ROW()-ROW($B$2)+1)) INDEX(Stats!#REF!,COLUMNS($B$2:U8),ROWS($A$2:T8))} -> #REF!
B9: {=IF(Stats!#REF!<>"", Stats!#REF!, INDEX(Stats!#REF!, COLUMN()-COLUMN($B$2)+1, ROW()-ROW($B$2)+1)) INDEX(Stats!#REF!,COLUMNS($B$2:B9),ROWS($A$2:A9))} -> #REF! | C9: {=IF(Stats!#REF!<>"", Stats!#REF!, INDEX(Stats!#REF!, COLUMN()-COLUMN($B$2)+1, ROW()-ROW($B$2)+1)) INDEX(Stats!#REF!,COLUMNS($B$2:C9),ROWS($A$2:B9))} -> #REF! | D9: {=IF(Stats!#REF!<>"", Stats!#REF!, INDEX(Stats!#REF!, COLUMN()-COLUMN($B$2)+1, ROW()-ROW($B$2)+1)) INDEX(Stats!#REF!,COLUMNS($B$2:D9),ROWS($A$2:C9))} -> #REF! | E9: {=IF(Stats!#REF!<>"", Stats!#REF!, INDEX(Stats!#REF!, COLUMN()-COLUMN($B$2)+1, ROW()-ROW($B$2)+1)) INDEX(Stats!#REF!,COLUMNS($B$2:E9),ROWS($A$2:D9))} -> #REF! | F9: {=IF(Stats!#REF!<>"", Stats!#REF!, INDEX(Stats!#REF!, COLUMN()-COLUMN($B$2)+1, ROW()-ROW($B$2)+1)) INDEX(Stats!#REF!,COLUMNS($B$2:F9),ROWS($A$2:E9))} -> #REF! | G9: {=IF(Stats!#REF!<>"", Stats!#REF!, INDEX(Stats!#REF!, COLUMN()-COLUMN($B$2)+1, ROW()-ROW($B$2)+1)) INDEX(Stats!#REF!,COLUMNS($B$2:G9),ROWS($A$2:F9))} -> #REF! | H9: {=IF(Stats!#REF!<>"", Stats!#REF!, INDEX(Stats!#REF!, COLUMN()-COLUMN($B$2)+1, ROW()-ROW($B$2)+1)) INDEX(Stats!#REF!,COLUMNS($B$2:H9),ROWS($A$2:G9))} -> #REF! | I9: {=IF(Stats!#REF!<>"", Stats!#REF!, INDEX(Stats!#REF!, COLUMN()-COLUMN($B$2)+1, ROW()-ROW($B$2)+1)) INDEX(Stats!#REF!,COLUMNS($B$2:I9),ROWS($A$2:H9))} -> #REF! | ... U9: {=IF(Stats!#REF!<>"", Stats!#REF!, INDEX(Stats!#REF!, COLUMN()-COLUMN($B$2)+1, ROW()-ROW($B$2)+1)) INDEX(Stats!#REF!,COLUMNS($B$2:U9),ROWS($A$2:T9))} -> #REF!
B10: {=IF(Stats!#REF!<>"", Stats!#REF!, INDEX(Stats!#REF!, COLUMN()-COLUMN($B$2)+1, ROW()-ROW($B$2)+1)) INDEX(Stats!#REF!,COLUMNS($B$2:B10),ROWS($A$2:A10))} -> #REF! | C10: {=IF(Stats!#REF!<>"", Stats!#REF!, INDEX(Stats!#REF!, COLUMN()-COLUMN($B$2)+1, ROW()-ROW($B$2)+1)) INDEX(Stats!#REF!,COLUMNS($B$2:C10),ROWS($A$2:B10))} -> #REF! | D10: {=IF(Stats!#REF!<>"", Stats!#REF!, INDEX(Stats!#REF!, COLUMN()-COLUMN($B$2)+1, ROW()-ROW($B$2)+1)) INDEX(Stats!#REF!,COLUMNS($B$2:D10),ROWS($A$2:C10))} -> #REF! | E10: {=IF(Stats!#REF!<>"", Stats!#REF!, INDEX(Stats!#REF!, COLUMN()-COLUMN($B$2)+1, ROW()-ROW($B$2)+1)) INDEX(Stats!#REF!,COLUMNS($B$2:E10),ROWS($A$2:D10))} -> #REF! | F10: {=IF(Stats!#REF!<>"", Stats!#REF!, INDEX(Stats!#REF!, COLUMN()-COLUMN($B$2)+1, ROW()-ROW($B$2)+1)) INDEX(Stats!#REF!,COLUMNS($B$2:F10),ROWS($A$2:E10))} -> #REF! | G10: {=IF(Stats!#REF!<>"", Stats!#REF!, INDEX(Stats!#REF!, COLUMN()-COLUMN($B$2)+1, ROW()-ROW($B$2)+1)) INDEX(Stats!#REF!,COLUMNS($B$2:G10),ROWS($A$2:F10))} -> #REF! | H10: {=IF(Stats!#REF!<>"", Stats!#REF!, INDEX(Stats!#REF!, COLUMN()-COLUMN($B$2)+1, ROW()-ROW($B$2)+1)) INDEX(Stats!#REF!,COLUMNS($B$2:H10),ROWS($A$2:G10))} -> #REF! | I10: {=IF(Stats!#REF!<>"", Stats!#REF!, INDEX(Stats!#REF!, COLUMN()-COLUMN($B$2)+1, ROW()-ROW($B$2)+1)) INDEX(Stats!#REF!,COLUMNS($B$2:I10),ROWS($A$2:H10))} -> #REF! | ... U10: {=IF(Stats!#REF!<>"", Stats!#REF!, INDEX(Stats!#REF!, COLUMN()-COLUMN($B$2)+1, ROW()-ROW($B$2)+1)) INDEX(Stats!#REF!,COLUMNS($B$2:U10),ROWS($A$2:T10))} -> #REF!
B11: {=IF(Stats!#REF!<>"", Stats!#REF!, INDEX(Stats!#REF!, COLUMN()-COLUMN($B$2)+1, ROW()-ROW($B$2)+1)) INDEX(Stats!#REF!,COLUMNS($B$2:B11),ROWS($A$2:A11))} -> #REF! | C11: {=IF(Stats!#REF!<>"", Stats!#REF!, INDEX(Stats!#REF!, COLUMN()-COLUMN($B$2)+1, ROW()-ROW($B$2)+1)) INDEX(Stats!#REF!,COLUMNS($B$2:C11),ROWS($A$2:B11))} -> #REF! | D11: {=IF(Stats!#REF!<>"", Stats!#REF!, INDEX(Stats!#REF!, COLUMN()-COLUMN($B$2)+1, ROW()-ROW($B$2)+1)) INDEX(Stats!#REF!,COLUMNS($B$2:D11),ROWS($A$2:C11))} -> #REF! | E11: {=IF(Stats!#REF!<>"", Stats!#REF!, INDEX(Stats!#REF!, COLUMN()-COLUMN($B$2)+1, ROW()-ROW($B$2)+1)) INDEX(Stats!#REF!,COLUMNS($B$2:E11),ROWS($A$2:D11))} -> #REF! | F11: {=IF(Stats!#REF!<>"", Stats!#REF!, INDEX(Stats!#REF!, COLUMN()-COLUMN($B$2)+1, ROW()-ROW($B$2)+1)) INDEX(Stats!#REF!,COLUMNS($B$2:F11),ROWS($A$2:E11))} -> #REF! | G11: {=IF(Stats!#REF!<>"", Stats!#REF!, INDEX(Stats!#REF!, COLUMN()-COLUMN($B$2)+1, ROW()-ROW($B$2)+1)) INDEX(Stats!#REF!,COLUMNS($B$2:G11),ROWS($A$2:F11))} -> #REF! | H11: {=IF(Stats!#REF!<>"", Stats!#REF!, INDEX(Stats!#REF!, COLUMN()-COLUMN($B$2)+1, ROW()-ROW($B$2)+1)) INDEX(Stats!#REF!,COLUMNS($B$2:H11),ROWS($A$2:G11))} -> #REF! | I11: {=IF(Stats!#REF!<>"", Stats!#REF!, INDEX(Stats!#REF!, COLUMN()-COLUMN($B$2)+1, ROW()-ROW($B$2)+1)) INDEX(Stats!#REF!,COLUMNS($B$2:I11),ROWS($A$2:H11))} -> #REF! | ... U11: {=IF(Stats!#REF!<>"", Stats!#REF!, INDEX(Stats!#REF!, COLUMN()-COLUMN($B$2)+1, ROW()-ROW($B$2)+1)) INDEX(Stats!#REF!,COLUMNS($B$2:U11),ROWS($A$2:T11))} -> #REF!
B12: {=IF(Stats!#REF!<>"", Stats!#REF!, INDEX(Stats!#REF!, COLUMN()-COLUMN($B$2)+1, ROW()-ROW($B$2)+1)) INDEX(Stats!#REF!,COLUMNS($B$2:B12),ROWS($A$2:A12))} -> #REF! | C12: {=IF(Stats!#REF!<>"", Stats!#REF!, INDEX(Stats!#REF!, COLUMN()-COLUMN($B$2)+1, ROW()-ROW($B$2)+1)) INDEX(Stats!#REF!,COLUMNS($B$2:C12),ROWS($A$2:B12))} -> #REF! | D12: {=IF(Stats!#REF!<>"", Stats!#REF!, INDEX(Stats!#REF!, COLUMN()-COLUMN($B$2)+1, ROW()-ROW($B$2)+1)) INDEX(Stats!#REF!,COLUMNS($B$2:D12),ROWS($A$2:C12))} -> #REF! | E12: {=IF(Stats!#REF!<>"", Stats!#REF!, INDEX(Stats!#REF!, COLUMN()-COLUMN($B$2)+1, ROW()-ROW($B$2)+1)) INDEX(Stats!#REF!,COLUMNS($B$2:E12),ROWS($A$2:D12))} -> #REF! | F12: {=IF(Stats!#REF!<>"", Stats!#REF!, INDEX(Stats!#REF!, COLUMN()-COLUMN($B$2)+1, ROW()-ROW($B$2)+1)) INDEX(Stats!#REF!,COLUMNS($B$2:F12),ROWS($A$2:E12))} -> #REF! | G12: {=IF(Stats!#REF!<>"", Stats!#REF!, INDEX(Stats!#REF!, COLUMN()-COLUMN($B$2)+1, ROW()-ROW($B$2)+1)) INDEX(Stats!#REF!,COLUMNS($B$2:G12),ROWS($A$2:F12))} -> #REF! | H12: {=IF(Stats!#REF!<>"", Stats!#REF!, INDEX(Stats!#REF!, COLUMN()-COLUMN($B$2)+1, ROW()-ROW($B$2)+1)) INDEX(Stats!#REF!,COLUMNS($B$2:H12),ROWS($A$2:G12))} -> #REF! | I12: {=IF(Stats!#REF!<>"", Stats!#REF!, INDEX(Stats!#REF!, COLUMN()-COLUMN($B$2)+1, ROW()-ROW($B$2)+1)) INDEX(Stats!#REF!,COLUMNS($B$2:I12),ROWS($A$2:H12))} -> #REF! | ... U12: {=IF(Stats!#REF!<>"", Stats!#REF!, INDEX(Stats!#REF!, COLUMN()-COLUMN($B$2)+1, ROW()-ROW($B$2)+1)) INDEX(Stats!#REF!,COLUMNS($B$2:U12),ROWS($A$2:T12))} -> #REF!
B13: {=IF(Stats!#REF!<>"", Stats!#REF!, INDEX(Stats!#REF!, COLUMN()-COLUMN($B$2)+1, ROW()-ROW($B$2)+1)) INDEX(Stats!#REF!,COLUMNS($B$2:B13),ROWS($A$2:A13))} -> #REF! | C13: {=IF(Stats!#REF!<>"", Stats!#REF!, INDEX(Stats!#REF!, COLUMN()-COLUMN($B$2)+1, ROW()-ROW($B$2)+1)) INDEX(Stats!#REF!,COLUMNS($B$2:C13),ROWS($A$2:B13))} -> #REF! | D13: {=IF(Stats!#REF!<>"", Stats!#REF!, INDEX(Stats!#REF!, COLUMN()-COLUMN($B$2)+1, ROW()-ROW($B$2)+1)) INDEX(Stats!#REF!,COLUMNS($B$2:D13),ROWS($A$2:C13))} -> #REF! | E13: {=IF(Stats!#REF!<>"", Stats!#REF!, INDEX(Stats!#REF!, COLUMN()-COLUMN($B$2)+1, ROW()-ROW($B$2)+1)) INDEX(Stats!#REF!,COLUMNS($B$2:E13),ROWS($A$2:D13))} -> #REF! | F13: {=IF(Stats!#REF!<>"", Stats!#REF!, INDEX(Stats!#REF!, COLUMN()-COLUMN($B$2)+1, ROW()-ROW($B$2)+1)) INDEX(Stats!#REF!,COLUMNS($B$2:F13),ROWS($A$2:E13))} -> #REF! | G13: {=IF(Stats!#REF!<>"", Stats!#REF!, INDEX(Stats!#REF!, COLUMN()-COLUMN($B$2)+1, ROW()-ROW($B$2)+1)) INDEX(Stats!#REF!,COLUMNS($B$2:G13),ROWS($A$2:F13))} -> #REF! | H13: {=IF(Stats!#REF!<>"", Stats!#REF!, INDEX(Stats!#REF!, COLUMN()-COLUMN($B$2)+1, ROW()-ROW($B$2)+1)) INDEX(Stats!#REF!,COLUMNS($B$2:H13),ROWS($A$2:G13))} -> #REF! | I13: {=IF(Stats!#REF!<>"", Stats!#REF!, INDEX(Stats!#REF!, COLUMN()-COLUMN($B$2)+1, ROW()-ROW($B$2)+1)) INDEX(Stats!#REF!,COLUMNS($B$2:I13),ROWS($A$2:H13))} -> #REF! | ... U13: {=IF(Stats!#REF!<>"", Stats!#REF!, INDEX(Stats!#REF!, COLUMN()-COLUMN($B$2)+1, ROW()-ROW($B$2)+1)) INDEX(Stats!#REF!,COLUMNS($B$2:U13),ROWS($A$2:T13))} -> #REF!
... B21: {=IF(Stats!#REF!<>"", Stats!#REF!, INDEX(Stats!#REF!, COLUMN()-COLUMN($B$2)+1, ROW()-ROW($B$2)+1)) INDEX(Stats!#REF!,COLUMNS($B$2:B21),ROWS($A$2:A21))} -> #REF! | C21: {=IF(Stats!#REF!<>"", Stats!#REF!, INDEX(Stats!#REF!, COLUMN()-COLUMN($B$2)+1, ROW()-ROW($B$2)+1)) INDEX(Stats!#REF!,COLUMNS($B$2:C21),ROWS($A$2:B21))} -> #REF! | D21: {=IF(Stats!#REF!<>"", Stats!#REF!, INDEX(Stats!#REF!, COLUMN()-COLUMN($B$2)+1, ROW()-ROW($B$2)+1)) INDEX(Stats!#REF!,COLUMNS($B$2:D21),ROWS($A$2:C21))} -> #REF! | E21: {=IF(Stats!#REF!<>"", Stats!#REF!, INDEX(Stats!#REF!, COLUMN()-COLUMN($B$2)+1, ROW()-ROW($B$2)+1)) INDEX(Stats!#REF!,COLUMNS($B$2:E21),ROWS($A$2:D21))} -> #REF! | F21: {=IF(Stats!#REF!<>"", Stats!#REF!, INDEX(Stats!#REF!, COLUMN()-COLUMN($B$2)+1, ROW()-ROW($B$2)+1)) INDEX(Stats!#REF!,COLUMNS($B$2:F21),ROWS($A$2:E21))} -> #REF! | G21: {=IF(Stats!#REF!<>"", Stats!#REF!, INDEX(Stats!#REF!, COLUMN()-COLUMN($B$2)+1, ROW()-ROW($B$2)+1)) INDEX(Stats!#REF!,COLUMNS($B$2:G21),ROWS($A$2:F21))} -> #REF! | H21: {=IF(Stats!#REF!<>"", Stats!#REF!, INDEX(Stats!#REF!, COLUMN()-COLUMN($B$2)+1, ROW()-ROW($B$2)+1)) INDEX(Stats!#REF!,COLUMNS($B$2:H21),ROWS($A$2:G21))} -> #REF! | I21: {=IF(Stats!#REF!<>"", Stats!#REF!, INDEX(Stats!#REF!, COLUMN()-COLUMN($B$2)+1, ROW()-ROW($B$2)+1)) INDEX(Stats!#REF!,COLUMNS($B$2:I21),ROWS($A$2:H21))} -> #REF! | ... U21: {=IF(Stats!#REF!<>"", Stats!#REF!, INDEX(Stats!#REF!, COLUMN()-COLUMN($B$2)+1, ROW()-ROW($B$2)+1)) INDEX(Stats!#REF!,COLUMNS($B$2:U21),ROWS($A$2:T21))} -> #REF!
